Brand,Product / Series,Category,Document Type,Language,PDF Filename,Document Title,Source Website,Source URL,Status
AAVIK,I-880,Integrated Amplifiers,User Manual,EN,Aavik-I-880-manual_ENG_web.pdf,Aavik I-880 manual (ENG),audiogroupdenmark.com,https://audiogroupdenmark.com/wp-content/uploads/2022/11/Aavik-I-880-manual_ENG_web.pdf,Missing
AAVIK,I-188 / I-288 / I-588,Integrated Amplifiers,User Manual,EN,Aavik-I-188-288-588-manual_ENG_web.pdf,Aavik I-188/288/588 manual (ENG),audiogroupdenmark.com,https://audiogroupdenmark.com/wp-content/uploads/2025/08/Aavik-I-188-288-588-manual_ENG_web.pdf,Missing
AAVIK,I-188 / I-288 / I-588,Integrated Amplifiers,User Manual,EN,Aavik-I-188-288-588-manual_ENG-1-1_web.pdf,Aavik I-188/288/588 manual (ENG rev 1-1),audiogroupdenmark.com,https://audiogroupdenmark.com/wp-content/uploads/2025/08/Aavik-I-188-288-588-manual_ENG-1-1_web.pdf,Missing
AAVIK,I-180 / I-280 / I-580,Integrated Amplifiers,User Manual,EN,Aavik_i-180_280_580_usermanual_vers01_2020_web.pdf,Aavik i-180/280/580 user manual (vers01 2020),audiogroupdenmark.com,https://audiogroupdenmark.com/wp-content/uploads/2021/12/Aavik_i-180_280_580_usermanual_vers01_2020_web.pdf,Missing
AAVIK,I-180 / I-280 / I-580,Integrated Amplifiers,User Manual,DE,aavik_i-180_280_580_usermanual_vers02_2021_ger_web.pdf,Aavik i-180/280/580 Handbuch (vers02 2021 GER),audiogroupdenmark.com,https://audiogroupdenmark.com/wp-content/uploads/2021/12/aavik_i-180_280_580_usermanual_vers02_2021_ger_web.pdf,Missing
AAVIK,U-188 / U-288 / U-588,Unity Amplifiers,User Manual,EN,Aavik-U-188-288-588-manual_ENG_web.pdf,Aavik U-188/288/588 manual (ENG),audiogroupdenmark.com,https://audiogroupdenmark.com/wp-content/uploads/2024/09/Aavik-U-188-288-588-manual_ENG_web.pdf,Missing
AAVIK,U-180 / U-280 / U-580,Unity Amplifiers,User Manual,EN,Aavik_U180_280_580_usermanual_vers01_2021_WEB.pdf,Aavik U180/280/580 user manual (vers01 2021),audiogroupdenmark.com,https://audiogroupdenmark.com/wp-content/uploads/2022/02/Aavik_U180_280_580_usermanual_vers01_2021_WEB.pdf,Missing
AAVIK,U-180 / U-280 / U-580,Unity Amplifiers,User Manual,EN,Aavik_u-180_280_580_usermanual_rest_web_01.pdf,Aavik u-180/280/580 user manual,audiogroupdenmark.com,https://audiogroupdenmark.com/wp-content/uploads/2022/02/Aavik_u-180_280_580_usermanual_rest_web_01.pdf,Missing
AAVIK,U-380 (legacy),Unity Amplifiers,User Guide,EN,Aavik-U380-userGuide-pages-022020_2026edit.pdf,Aavik U380 User Guide (02-2020),audiogroupdenmark.com,https://audiogroupdenmark.com/wp-content/uploads/2022/03/Aavik-U380-userGuide-pages-022020_2026edit.pdf,Missing
AAVIK,U-380 (legacy),Unity Amplifiers,User Guide,EN,Aavik_U380_GB.pdf,Aavik U380 (GB),audiogroupdenmark.com,https://audiogroupdenmark.com/wp-content/uploads/2022/03/Aavik_U380_GB.pdf,Missing
AAVIK,C-880,Preamplifiers (Control Amplifiers),User Manual,EN,Aavik-C-880-manual_ENG_web.pdf,Aavik C-880 manual (ENG),audiogroupdenmark.com,https://audiogroupdenmark.com/wp-content/uploads/2024/06/Aavik-C-880-manual_ENG_web.pdf,Missing
AAVIK,C-580,Preamplifiers (Control Amplifiers),User Manual,EN,Aavik_C580_usermanual_vers01_2021_WEB.pdf,Aavik C580 user manual (vers01 2021),audiogroupdenmark.com,https://audiogroupdenmark.com/wp-content/uploads/2022/02/Aavik_C580_usermanual_vers01_2021_WEB.pdf,Missing
AAVIK,C-280,Preamplifiers (Control Amplifiers),User Manual,EN,Aavik-C-280-English.pdf,Aavik C-280 (English),audiogroupdenmark.com,https://audiogroupdenmark.com/wp-content/uploads/2023/01/Aavik-C-280-English.pdf,Missing
AAVIK,C-300 (legacy),Preamplifiers (Control Amplifiers),User Guide,EN,Aavik-C300-UserGuide-01-2016_2026edit.pdf,Aavik C300 User Guide (01-2016),audiogroupdenmark.com,https://audiogroupdenmark.com/wp-content/uploads/2022/03/Aavik-C300-UserGuide-01-2016_2026edit.pdf,Missing
AAVIK,P-880,Power Amplifiers,User Manual,EN,Aavik-P-880-manual_ENG_web.pdf,Aavik P-880 manual (ENG),audiogroupdenmark.com,https://audiogroupdenmark.com/wp-content/uploads/2024/01/Aavik-P-880-manual_ENG_web.pdf,Missing
AAVIK,P-188 / P-288 / P-588,Power Amplifiers,User Manual,EN,Aavik-P-188-288-588-manual_ENG_web.pdf,Aavik P-188/288/588 manual (ENG),audiogroupdenmark.com,https://audiogroupdenmark.com/wp-content/uploads/2025/08/Aavik-P-188-288-588-manual_ENG_web.pdf,Missing
AAVIK,P-280 / P-580,Power Amplifiers,User Manual,EN,Aavik_P280_580_usermanual_vers01_2021_WEB.pdf,Aavik P280/580 user manual (vers01 2021),audiogroupdenmark.com,https://audiogroupdenmark.com/wp-content/uploads/2022/02/Aavik_P280_580_usermanual_vers01_2021_WEB.pdf,Missing
AAVIK,P-280 / P-580,Power Amplifiers,User Manual,EN,Aavik-P-280-English.pdf,Aavik P-280 (English),audiogroupdenmark.com,https://audiogroupdenmark.com/wp-content/uploads/2023/01/Aavik-P-280-English.pdf,Missing
AAVIK,R-880,Phono Stages,User Manual,EN,Aavik-R-880-manual_ENG_web.pdf,Aavik R-880 manual (ENG),audiogroupdenmark.com,https://audiogroupdenmark.com/wp-content/uploads/2025/06/Aavik-R-880-manual_ENG_web.pdf,Missing
AAVIK,R-188 / R-288 / R-588 (R-x88),Phono Stages,User Manual,EN,Aavik-R-x88-manual_ENG_web.pdf,Aavik R-x88 manual (ENG),audiogroupdenmark.com,https://audiogroupdenmark.com/wp-content/uploads/2025/11/Aavik-R-x88-manual_ENG_web.pdf,Missing
AAVIK,R-180 / R-280 / R-580,Phono Stages,User Manual,EN,Aavik_r-180_280_580_usermanual_vers01_2020_web.pdf,Aavik r-180/280/580 user manual (vers01 2020),audiogroupdenmark.com,https://audiogroupdenmark.com/wp-content/uploads/2021/12/Aavik_r-180_280_580_usermanual_vers01_2020_web.pdf,Missing
AAVIK,R-180 / R-280 / R-580,Phono Stages,User Manual,DE,aavik_r-180_280_580_usermanual_vers01_2020_ger_web.pdf,Aavik r-180/280/580 Handbuch (vers01 2020 GER),audiogroupdenmark.com,https://audiogroupdenmark.com/wp-content/uploads/2021/12/aavik_r-180_280_580_usermanual_vers01_2020_ger_web.pdf,Missing
AAVIK,S-180 / S-280 / S-580,Streamers,User Manual,EN,aavik_s-180_280_580_usermanual.pdf,Aavik s-180/280/580 user manual,audiogroupdenmark.com,https://audiogroupdenmark.com/wp-content/uploads/2021/12/aavik_s-180_280_580_usermanual.pdf,Missing
AAVIK,S-180 / S-280 / S-580,Streamers,User Manual,DE,aavik_s-180_280_580_usermanual_vers02_2021_ger_web1.pdf,Aavik s-180/280/580 Handbuch (vers02 2021 GER),audiogroupdenmark.com,https://audiogroupdenmark.com/wp-content/uploads/2021/12/aavik_s-180_280_580_usermanual_vers02_2021_ger_web1.pdf,Missing
AAVIK,D-180 / D-280 / D-580,DACs,User Manual,EN,Aavik_d-180_280_580_usermanual_vers01_2020_web.pdf,Aavik d-180/280/580 user manual (vers01 2020),audiogroupdenmark.com,https://audiogroupdenmark.com/wp-content/uploads/2021/12/Aavik_d-180_280_580_usermanual_vers01_2020_web.pdf,Missing
AAVIK,D-180 / D-280 / D-580,DACs,User Manual,DE,aavik_d-180_280_580_usermanual_vers02_2021_ger_web.pdf,Aavik d-180/280/580 Handbuch (vers02 2021 GER),audiogroupdenmark.com,https://audiogroupdenmark.com/wp-content/uploads/2021/12/aavik_d-180_280_580_usermanual_vers02_2021_ger_web.pdf,Missing
AAVIK,SD-188 / SD-288 / SD-588,Streamer / DAC,User Manual,EN,Aavik-SD-188-288-588-manual_ENG_web1.pdf,Aavik SD-188/288/588 manual (ENG),audiogroupdenmark.com,https://audiogroupdenmark.com/wp-content/uploads/2025/06/Aavik-SD-188-288-588-manual_ENG_web1.pdf,Missing
AAVIK,Aavik Crossover,Accessories,User Manual,EN,Aavik-Crossover-manual_ENG_web.pdf,Aavik Crossover manual (ENG),audiogroupdenmark.com,https://audiogroupdenmark.com/wp-content/uploads/2025/10/Aavik-Crossover-manual_ENG_web.pdf,Missing
ACOUSTIC ARTS,PLAYER III,CD/SACD Players & Transports,Brochure,DE,ACCUSTIC-ARTS-PLAYER-III.pdf,Broschüre PLAYER III,accusticarts.de,https://www.accusticarts.de/wp-content/uploads/ACCUSTIC-ARTS-PLAYER-III.pdf,Missing
ACOUSTIC ARTS,PLAYER IV,CD/SACD Players & Transports,Brochure,DE,ACCUSTIC-ARTS-PLAYER-IV.pdf,Broschüre PLAYER IV,accusticarts.de,https://www.accusticarts.de/wp-content/uploads/ACCUSTIC-ARTS-PLAYER-IV.pdf,Missing
ACOUSTIC ARTS,DRIVE IV,CD/SACD Players & Transports,Brochure,DE,ACCUSTIC-ARTS-DRIVE-IV.pdf,Broschüre DRIVE IV (CD transport),accusticarts.de,https://www.accusticarts.de/wp-content/uploads/ACCUSTIC-ARTS-DRIVE-IV.pdf,Missing
ACOUSTIC ARTS,PLAYER I (legacy),CD/SACD Players & Transports,User Manual,DE,Bedienungsanleitung-PLAYER-I-deutsch.pdf,Bedienungsanleitung PLAYER I,accusticarts.de,https://www.accusticarts.de/wp-content/uploads/Bedienungsanleitung-PLAYER-I-deutsch.pdf,Missing
ACOUSTIC ARTS,PLAYER II (legacy),CD/SACD Players & Transports,User Manual,DE,Bedienungsanleitung-PLAYER-II-deutsch.pdf,Bedienungsanleitung PLAYER II,accusticarts.de,https://www.accusticarts.de/wp-content/uploads/Bedienungsanleitung-PLAYER-II-deutsch.pdf,Missing
ACOUSTIC ARTS,TUBE DAC II MK3 (legacy),DACs,User Manual,DE,Bedienungsanleitung-TUBE-DAC-II-MK3-deutsch.pdf,Bedienungsanleitung TUBE DAC II - MK3,accusticarts.de,https://www.accusticarts.de/wp-content/uploads/Bedienungsanleitung-TUBE-DAC-II-MK3-deutsch.pdf,Missing
ACOUSTIC ARTS,PREAMP I,Preamplifiers,Brochure,DE,ACCUSTIC-ARTS-PREAMP-I.pdf,Broschüre PREAMP I,accusticarts.de,https://www.accusticarts.de/wp-content/uploads/ACCUSTIC-ARTS-PREAMP-I.pdf,Missing
ACOUSTIC ARTS,PREAMP V,Preamplifiers,Brochure,DE,ACCUSTIC-ARTS-PREAMP-V.pdf,Broschüre PREAMP V,accusticarts.de,https://www.accusticarts.de/wp-content/uploads/ACCUSTIC-ARTS-PREAMP-V.pdf,Missing
ACOUSTIC ARTS,PREAMP V PHONO,Preamplifiers,Brochure,DE,ACCUSTIC-ARTS-PREAMP-V-PHONO.pdf,Broschüre PREAMP V PHONO,accusticarts.de,https://www.accusticarts.de/wp-content/uploads/ACCUSTIC-ARTS-PREAMP-V-PHONO.pdf,Missing
ACOUSTIC ARTS,TUBE PREAMP V,Preamplifiers,Brochure,DE,ACCUSTIC-ARTS-TUBE-PREAMP-V.pdf,Broschüre TUBE PREAMP V,accusticarts.de,https://www.accusticarts.de/wp-content/uploads/ACCUSTIC-ARTS-TUBE-PREAMP-V.pdf,Missing
ACOUSTIC ARTS,TUBE PREAMP V PHONO,Preamplifiers,Brochure,DE,ACCUSTIC-ARTS-TUBE-PREAMP-V-PHONO.pdf,Broschüre TUBE PREAMP V PHONO,accusticarts.de,https://www.accusticarts.de/wp-content/uploads/ACCUSTIC-ARTS-TUBE-PREAMP-V-PHONO.pdf,Missing
ACOUSTIC ARTS,TUBE PREAMP II MK2 (legacy),Preamplifiers,User Manual,DE,Bedienungsanleitung-TUBE-PREAMP-II-MK2-deutsch.pdf,Bedienungsanleitung TUBE PREAMP II - MK2,accusticarts.de,https://www.accusticarts.de/wp-content/uploads/Bedienungsanleitung-TUBE-PREAMP-II-MK2-deutsch.pdf,Missing
ACOUSTIC ARTS,TUBE PHONO II (legacy),Phono Stages,User Manual,DE,Bedienungsanleitung-TUBE-PHONO-II-deutsch.pdf,Bedienungsanleitung TUBE PHONO II,accusticarts.de,https://www.accusticarts.de/wp-content/uploads/Bedienungsanleitung-TUBE-PHONO-II-deutsch.pdf,Missing
ACOUSTIC ARTS,POWER II,Integrated Amplifiers,Brochure,DE,Accustic-Arts-POWER-II.pdf,Broschüre POWER II,accusticarts.de,https://www.accusticarts.de/wp-content/uploads/Accustic-Arts-POWER-II.pdf,Missing
ACOUSTIC ARTS,POWER III,Integrated Amplifiers,Brochure,DE,Datenblatt_POWER-III.pdf,Broschüre / Datenblatt POWER III,accusticarts.de,https://www.accusticarts.de/wp-content/uploads/Datenblatt_POWER-III.pdf,Missing
ACOUSTIC ARTS,POWER I (legacy),Integrated Amplifiers,User Manual,DE,Bedienungsanleitung-POWER-I-deutsch-.pdf,Bedienungsanleitung POWER I,accusticarts.de,https://www.accusticarts.de/wp-content/uploads/Bedienungsanleitung-POWER-I-deutsch-.pdf,Missing
ACOUSTIC ARTS,AMP I,Power Amplifiers,Brochure,DE,ACCUSTIC-ARTS-AMP-I.pdf,Broschüre AMP I,accusticarts.de,https://www.accusticarts.de/wp-content/uploads/ACCUSTIC-ARTS-AMP-I.pdf,Missing
ACOUSTIC ARTS,AMP IV,Power Amplifiers,Brochure,DE,ACCUSTIC-ARTS-AMP-IV.pdf,Broschüre AMP IV,accusticarts.de,https://www.accusticarts.de/wp-content/uploads/ACCUSTIC-ARTS-AMP-IV.pdf,Missing
ACOUSTIC ARTS,AMP VI,Power Amplifiers,Brochure,DE,ACCUSTIC-ARTS-AMP-VI.pdf,Broschüre AMP VI,accusticarts.de,https://www.accusticarts.de/wp-content/uploads/ACCUSTIC-ARTS-AMP-VI.pdf,Missing
ACOUSTIC ARTS,MONO IV,Power Amplifiers,Brochure,DE,Produktblatt_MONO-IV.pdf,Broschüre / Produktblatt MONO IV,accusticarts.de,https://www.accusticarts.de/wp-content/uploads/Produktblatt_MONO-IV.pdf,Missing
ACOUSTIC ARTS,MONO VI,Power Amplifiers,Brochure,DE,ACCUSTIC-ARTS-MONO-VI.pdf,Broschüre MONO VI,accusticarts.de,https://www.accusticarts.de/wp-content/uploads/ACCUSTIC-ARTS-MONO-VI.pdf,Missing
ACOUSTIC ARTS,MONO VI Signature,Power Amplifiers,Brochure,DE,Accustic-Arts-MONO-VI-Signature.pdf,Broschüre MONO VI Signature,accusticarts.de,https://www.accusticarts.de/wp-content/uploads/Accustic-Arts-MONO-VI-Signature.pdf,Missing
ACOUSTIC ARTS,AMP II MK4 (legacy),Power Amplifiers,User Manual,DE,Bedienungsanleitung-AMP-II-MK4-deutsch.pdf,Bedienungsanleitung AMP II - MK4,accusticarts.de,https://www.accusticarts.de/wp-content/uploads/Bedienungsanleitung-AMP-II-MK4-deutsch.pdf,Missing
ACOUSTIC ARTS,AMP III MK2 (legacy),Power Amplifiers,User Manual,DE,Bedienungsanleitung-AMP-III-MK2-deutsch.pdf,Bedienungsanleitung AMP III - MK2,accusticarts.de,https://www.accusticarts.de/wp-content/uploads/Bedienungsanleitung-AMP-III-MK2-deutsch.pdf,Missing
ACOUSTIC ARTS,MONO II MK2 (legacy),Power Amplifiers,User Manual,DE,Bedienungsanleitung-MONO-II-MK2-deutsch.pdf,Bedienungsanleitung MONO II - MK2,accusticarts.de,https://www.accusticarts.de/wp-content/uploads/Bedienungsanleitung-MONO-II-MK2-deutsch.pdf,Missing
ACOUSTIC ARTS,MONO III MK2 (legacy),Power Amplifiers,User Manual,DE,Bedienungsanleitung-MONO-III-MK2-deutsch.pdf,Bedienungsanleitung MONO III - MK2,accusticarts.de,https://www.accusticarts.de/wp-content/uploads/Bedienungsanleitung-MONO-III-MK2-deutsch.pdf,Missing
ACOUSTIC ARTS,USB / XMOS Audio Driver (CD players),Drivers & Software,Driver,EN,XMOS-Stereo-USB-Audio-Class2-Driver-2023_v3.34.0-1.zip,XMOS Stereo USB Audio Class2 Driver 2023 v3.34.0,accusticarts.de,https://www.accusticarts.de/wp-content/uploads/XMOS-Stereo-USB-Audio-Class2-Driver-2023_v3.34.0-1.zip,Missing
ACOUSTIC ARTS,General (all products),General / Company,Warranty Terms,EN,AA-warranty-terms.pdf,Warranty Terms,accusticarts.de,https://www.accusticarts.de/wp-content/uploads/AA-warranty-terms.pdf,Missing
AUDES,Excellence AMT (Excellence 5 AMT / Excellence 3 AMT),Loudspeakers,Brochure,EN,excellence_amt.pdf,Brochure,audes.ee,https://audes.ee/static/excellence_amt.pdf,Missing
AUDIOVECTOR,R-Series (general),Speakers,User Manual,EN,admin-ajax.php,01_r_series_manual_audiovector,audiovector.com,https://audiovector.com/wp-admin/admin-ajax.php?action=useyourdrive-download&dl=1&&id=10nrGSVnfn6L1qm3Wi8_ySN2C7NOiHGnC&account_id=114613767597958525337&listtoken=30073159a9567705ba28b8a1727ad07e,Missing
AUDIOVECTOR,R-Series (general),Speakers,Brochure,EN,admin-ajax.php,audiovector_r_series_brochure.pdf,audiovector.com,https://audiovector.com/wp-admin/admin-ajax.php?action=useyourdrive-download&dl=1&&id=1l4f_4saInC11YaJqXlK_aMvCShUQaHLR&account_id=114613767597958525337&listtoken=3e95f9f5b67bb4d4bf09ca9ca9ce66a4,Missing
AUDIOVECTOR,R 8,Speakers,Brochure,EN,admin-ajax.php,Brochure 8s A4_online.pdf,audiovector.com,https://audiovector.com/wp-admin/admin-ajax.php?action=useyourdrive-download&dl=1&&id=1-ApsRmYlPXPeIjjuiVW005J_qL_ji9tq&account_id=114613767597958525337&listtoken=3e95f9f5b67bb4d4bf09ca9ca9ce66a4,Missing
AUDIOVECTOR,R 10,Speakers,Brochure,EN,admin-ajax.php,Brochure_AV_R10_A4_04.pdf,audiovector.com,https://audiovector.com/wp-admin/admin-ajax.php?action=useyourdrive-download&dl=1&&id=18Zf7sppZphz_vXoZCeQ7yqybTKYz6YEb&account_id=114613767597958525337&listtoken=3e95f9f5b67bb4d4bf09ca9ca9ce66a4,Missing
AUDIOVECTOR,R 10,Speakers,White Paper,EN,admin-ajax.php,Whitepaper_AV_R10_A4_04.pdf,audiovector.com,https://audiovector.com/wp-admin/admin-ajax.php?action=useyourdrive-download&dl=1&&id=1tLulrn0for_izrmc-ep9lf8RbEcmTbDc&account_id=114613767597958525337&listtoken=3e95f9f5b67bb4d4bf09ca9ca9ce66a4,Missing
AUDIOVECTOR,R 11,Speakers,Brochure,EN,admin-ajax.php,R_11_ENG_AUDIOVECTOR.pdf,audiovector.com,https://audiovector.com/wp-admin/admin-ajax.php?action=useyourdrive-download&dl=1&&id=0B6w3z1WZunMhMUNhanNoQlFpSDQ&account_id=114613767597958525337&listtoken=3e95f9f5b67bb4d4bf09ca9ca9ce66a4,Missing
AUDIOVECTOR,R 11,Speakers,Brochure,DE,admin-ajax.php,R_11_GER_AUDIOVECTOR.pdf,audiovector.com,https://audiovector.com/wp-admin/admin-ajax.php?action=useyourdrive-download&dl=1&&id=0B6w3z1WZunMhbE5GRFRzN0M5LTQ&account_id=114613767597958525337&listtoken=3e95f9f5b67bb4d4bf09ca9ca9ce66a4,Missing
AUDIOVECTOR,QR SE Series,Speakers,User Manual,EN,admin-ajax.php,2023_audiovector_qr_se_manual,audiovector.com,https://audiovector.com/wp-admin/admin-ajax.php?action=useyourdrive-download&dl=1&&id=1aBbxwaNYO1uZsxl-J0dNLEGUfrxekn_J&account_id=114613767597958525337&listtoken=30073159a9567705ba28b8a1727ad07e,Missing
AUDIOVECTOR,QR SE Series,Speakers,Brochure,EN,admin-ajax.php,Audiovector_QRSE_Brochure.pdf,audiovector.com,https://audiovector.com/wp-admin/admin-ajax.php?action=useyourdrive-download&dl=1&&id=18Pc163nAk7UawTlBtJm4FxPX1Dyzb1fk&account_id=114613767597958525337&listtoken=3e95f9f5b67bb4d4bf09ca9ca9ce66a4,Missing
AUDIOVECTOR,Trapeze,Speakers,User Manual,EN,admin-ajax.php,2024_audiovector_trapeze_manual,audiovector.com,https://audiovector.com/wp-admin/admin-ajax.php?action=useyourdrive-download&dl=1&&id=1Bui13j5gnyW2nrU7Ak24ssf4XEWO5LDz&account_id=114613767597958525337&listtoken=30073159a9567705ba28b8a1727ad07e,Missing
AUDIOVECTOR,Trapeze,Speakers,White Paper,EN,admin-ajax.php,Whitepaper_AV_Trapeze_2024 Online.pdf,audiovector.com,https://audiovector.com/wp-admin/admin-ajax.php?action=useyourdrive-download&dl=1&&id=1UAB-4hnem4fUHRK1phiS6MZWAwepiUqp&account_id=114613767597958525337&listtoken=3e95f9f5b67bb4d4bf09ca9ca9ce66a4,Missing
AUDIOVECTOR,Freedom (legacy),Speakers,User Manual,EN,admin-ajax.php,02_freedom_manual_audiovector,audiovector.com,https://audiovector.com/wp-admin/admin-ajax.php?action=useyourdrive-download&dl=1&&id=1FW71ts--qF6hFSOxlFGFFBQmeq8hG_1E&account_id=114613767597958525337&listtoken=30073159a9567705ba28b8a1727ad07e,Missing
AUDIOVECTOR,In-wall / In-ceiling Speakers,Speakers,User Manual,EN,admin-ajax.php,06_inwall_inceiling_manual_audiovector,audiovector.com,https://audiovector.com/wp-admin/admin-ajax.php?action=useyourdrive-download&dl=1&&id=1Sn1IbC2aXsjhwseL2POdq0Q1tM4Ndq0M&account_id=114613767597958525337&listtoken=30073159a9567705ba28b8a1727ad07e,Missing
AUDIOVECTOR,On-wall Speakers,Speakers,User Manual,EN,admin-ajax.php,07_onwall_manual_audiovector,audiovector.com,https://audiovector.com/wp-admin/admin-ajax.php?action=useyourdrive-download&dl=1&&id=1zFljJzSafS1-RUR0pLwapvIo9KE5PDf6&account_id=114613767597958525337&listtoken=30073159a9567705ba28b8a1727ad07e,Missing
AUDIOVECTOR,R Sub,Subwoofers,User Manual,EN,admin-ajax.php,03_r_sub_manual_audiovector,audiovector.com,https://audiovector.com/wp-admin/admin-ajax.php?action=useyourdrive-download&dl=1&&id=1jFf5NC33jLf-Wcf0woP6yam__asJ4lPC&account_id=114613767597958525337&listtoken=30073159a9567705ba28b8a1727ad07e,Missing
AUDIOVECTOR,QR Sub SE,Subwoofers,User Manual,EN,admin-ajax.php,2023_audiovector_qr_sub_se_manual,audiovector.com,https://audiovector.com/wp-admin/admin-ajax.php?action=useyourdrive-download&dl=1&&id=1Dve7uYQsMBvW4SeGdA8EW8p3GXWrm8r2&account_id=114613767597958525337&listtoken=30073159a9567705ba28b8a1727ad07e,Missing
AUDIOVECTOR,Zero Cables,Cables,User Manual,EN,admin-ajax.php,08_zero_cables_manual_audiovector,audiovector.com,https://audiovector.com/wp-admin/admin-ajax.php?action=useyourdrive-download&dl=1&&id=1znIHbtSkmwCC2SQHtd8AHar3s8e-bCkm&account_id=114613767597958525337&listtoken=30073159a9567705ba28b8a1727ad07e,Missing
AUDIOVECTOR,All Products (Safety),General / Accessories,Safety Instructions,EN,admin-ajax.php,09_audiovector_safety_instructions,audiovector.com,https://audiovector.com/wp-admin/admin-ajax.php?action=useyourdrive-download&dl=1&&id=1s2LKBBDrsraS8Q-DvKhj1zMCuAIc1hbp&account_id=114613767597958525337&listtoken=30073159a9567705ba28b8a1727ad07e,Missing
BORRESEN,M1 / M2 / M3 / M6,Floorstanding Loudspeakers,user_guide,EN,Boerresen-M1-M2-M3-M6_Userguide_ENG_web.pdf,Børresen M1 M2 M3 M6 User Guide (ENG),audiogroupdenmark.com,https://audiogroupdenmark.com/wp-content/uploads/2024/12/Boerresen-M1-M2-M3-M6_Userguide_ENG_web.pdf,Missing
BORRESEN,X2,Floorstanding Loudspeakers,user_guide,EN,Boerresen-X2_Userguide_1-2_ENG_web.pdf,Børresen X2 User Guide 1/2 (ENG),audiogroupdenmark.com,https://audiogroupdenmark.com/wp-content/uploads/2024/04/Boerresen-X2_Userguide_1-2_ENG_web.pdf,Missing
BORRESEN,X2,Floorstanding Loudspeakers,brochure,EN,Boerresen-X2-English.pdf,Børresen X2 (English brochure),audiogroupdenmark.com,https://audiogroupdenmark.com/wp-content/uploads/2024/03/Boerresen-X2-English.pdf,Missing
BORRESEN,X2,Floorstanding Loudspeakers,brochure,EN,Boerresen-X2-English-1.pdf,"Børresen X2 (English brochure, rev 1)",audiogroupdenmark.com,https://audiogroupdenmark.com/wp-content/uploads/2024/04/Boerresen-X2-English-1.pdf,Missing
BORRESEN,X3,Floorstanding Loudspeakers,user_guide,EN,Boerresen-X3_Userguide_1-2_ENG_WEB.pdf,Børresen X3 User Guide 1/2 (ENG),audiogroupdenmark.com,https://audiogroupdenmark.com/wp-content/uploads/2023/04/Boerresen-X3_Userguide_1-2_ENG_WEB.pdf,Missing
BORRESEN,T1 / T3 / T5,Floorstanding Loudspeakers,user_guide,EN,Boerresen-T1-T3-T5_Userguide_ENG_web.pdf,Børresen T1 T3 T5 User Guide (ENG),audiogroupdenmark.com,https://audiogroupdenmark.com/wp-content/uploads/2025/03/Boerresen-T1-T3-T5_Userguide_ENG_web.pdf,Missing
BORRESEN,Z3 (legacy),Floorstanding Loudspeakers,brochure,EN,Danish-Premium-Speaker_Borresen_Z3_English.pdf,Børresen Z3 - Danish Premium Speaker (English brochure),audiogroupdenmark.com,https://audiogroupdenmark.com/wp-content/uploads/2023/04/Danish-Premium-Speaker_Borresen_Z3_English.pdf,Missing
BORRESEN,C1 / C2 / C3,Compact / Standmount Loudspeakers,user_guide,EN,Boerresen-C1-C2-C3_Userguide_1-2_ENG_web.pdf,Børresen C1 C2 C3 User Guide 1/2 (ENG),audiogroupdenmark.com,https://audiogroupdenmark.com/wp-content/uploads/2023/07/Boerresen-C1-C2-C3_Userguide_1-2_ENG_web.pdf,Missing
BORRESEN,C1 / C2 / C3,Compact / Standmount Loudspeakers,user_guide,EN,Boerresen-C1-C2-C3_Userguide_ENG_web.pdf,Børresen C1 C2 C3 User Guide (ENG),audiogroupdenmark.com,https://audiogroupdenmark.com/wp-content/uploads/2023/07/Boerresen-C1-C2-C3_Userguide_ENG_web.pdf,Missing
BORRESEN,C1 / C2 / C3,Compact / Standmount Loudspeakers,user_guide,EN,Boerresen-C1_Userguide_ENG_web.pdf,Børresen C1 User Guide (ENG),audiogroupdenmark.com,https://audiogroupdenmark.com/wp-content/uploads/2023/07/Boerresen-C1_Userguide_ENG_web.pdf,Missing
BORRESEN,C1 / C2 / C3,Compact / Standmount Loudspeakers,brochure,EN,Boerresen-C3-English.pdf,Børresen C3 (English brochure),audiogroupdenmark.com,https://audiogroupdenmark.com/wp-content/uploads/2026/06/Boerresen-C3-English.pdf,Missing
BORRESEN,Center 3,Center Channel Loudspeakers,manual,EN,Boerresen-Center3-manual_ENG_web.pdf,Børresen Center 3 Manual (ENG),audiogroupdenmark.com,https://audiogroupdenmark.com/wp-content/uploads/2026/03/Boerresen-Center3-manual_ENG_web.pdf,Missing
BORRESEN,Bass Module 3 (BM3),Subwoofers / Bass Modules,user_guide,EN,Boerresen-BM3_Userguide_ENG_web.pdf,Børresen BM3 (Bass Module 3) User Guide (ENG),audiogroupdenmark.com,https://audiogroupdenmark.com/wp-content/uploads/2026/03/Boerresen-BM3_Userguide_ENG_web.pdf,Missing
CAYIN,Jazz 100,Integrated Amplifiers,User Manual,EN,Jazz-100-English-Manual.pdf,Jazz 100 English Manual,cayin.com,https://cayin.com/ca-inhalte/uploads/2024/12/Jazz-100-English-Manual.pdf,Missing
CAYIN,CS-150A,Integrated Amplifiers,User Manual,DE,CS-150A_bedienungsanleitung.pdf,CS-150A Bedienungsanleitung,cayin.com,https://cayin.com/ca-inhalte/uploads/2023/04/CS-150A_bedienungsanleitung.pdf,Missing
CAYIN,Jazz 90,Integrated Amplifiers,User Manual,DE,,Cayin Jazz 90 Bedienungsanleitung,cayin.com,https://cayin.com/cayin-jazz-90-bedienungsanleitung/,Missing
CAYIN,Jazz 80,Integrated Amplifiers,User Manual,DE,,Cayin Jazz 80 Bedienungsanleitung,cayin.com,https://cayin.com/cayin-jazz-80-bedienungsanleitung/,Missing
CAYIN,Pearl 30i,Integrated Amplifiers,User Manual,DE,,Cayin Pearl 30i Bedienungsanleitung,cayin.com,https://cayin.com/cayin-pearl-30i-bedienungsanleitung/,Missing
CAYIN,Soul 170C,Preamplifiers,User Manual,DE,Soul_170C_Deutsch_Manual_de.pdf,Soul 170C Deutsch Manual,cayin.com,https://cayin.com/ca-inhalte/uploads/2025/12/Soul_170C_Deutsch_Manual_de.pdf,Missing
CAYIN,Soul 170C,Preamplifiers,User Manual,EN,Soul_170C_English_Manual.pdf,Soul 170C English Manual,cayin.com,https://cayin.com/ca-inhalte/uploads/2025/12/Soul_170C_English_Manual.pdf,Missing
CAYIN,Soul 170P,Preamplifiers,User Manual,DE/EN,,Cayin Soul 170P Bedienungsanleitung,cayin.com,https://cayin.com/cayin-soul-170c-bedienungsanleitung-2/,Missing
CAYIN,CS-6PH,Phono Stages,User Manual,DE,CS-6PHdeutschManual.pdf,CS-6PH Bedienungsanleitung,cayin.com,https://cayin.com/ca-inhalte/uploads/2025/08/CS-6PHdeutschManual.pdf,Missing
CAYIN,HA-300A MK2,Headphone Amplifiers,User Manual,DE,HA-300MK2_deusch_bedieungsanleitung_Manual.pdf,HA-300MK2 Deutsch Bedienungsanleitung Manual,cayin.com,https://cayin.com/ca-inhalte/uploads/2025/10/HA-300MK2_deusch_bedieungsanleitung_Manual.pdf,Missing
CAYIN,HA-300A MK2,Headphone Amplifiers,User Manual,EN,HA-300MK2-English-Manual-20220412.pdf,HA-300MK2 English Manual (20220412),cayin.com,https://cayin.com/ca-inhalte/uploads/2025/10/HA-300MK2-English-Manual-20220412.pdf,Missing
CAYIN,HA-6 MK2,Headphone Amplifiers,User Manual,DE,,Cayin HA-6 MK2 Bedienungsanleitung,cayin.com,https://cayin.com/cayin-ha-6-mk2-bedienungsanleitung/,Missing
CAYIN,Soul 170 HA,Headphone Amplifiers,User Manual,DE,,Cayin Soul 170 HA Bedienungsanleitung,cayin.com,https://cayin.com/cayin-soul-170-ha-bedienungsanleitung/,Missing
CAYIN,CP6,CD/SACD Players,User Manual,DE,CP6_Users_Manual_Bedienungsanleitung_deutsch.pdf,CP6 Users Manual Bedienungsanleitung deutsch,cayin.com,https://cayin.com/ca-inhalte/uploads/2026/07/CP6_Users_Manual_Bedienungsanleitung_deutsch.pdf,Missing
CAYIN,CP6,CD/SACD Players,User Manual,EN,CP6_Users-Manual_englisch.pdf,CP6 Users Manual englisch,cayin.com,https://cayin.com/ca-inhalte/uploads/2026/07/CP6_Users-Manual_englisch.pdf,Missing
CAYIN,N8ii,Digital Audio Players,User Manual,DE,N8ii_Bedienungsanleitung_deutsch_v3.pdf,N8ii Bedienungsanleitung deutsch v3,cayin.com,https://www.cayin.com/ca-inhalte/uploads/2022/09/N8ii_Bedienungsanleitung_deutsch_v3.pdf,Missing
CAYIN,N7,Digital Audio Players,User Manual / Firmware,DE,,N7 Firmware / Updates / Bedienungsanleitung,cayin.com,https://cayin.com/n7-firmware-updates-bedienungsanleitung/,Missing
CAYIN,N6ii,Digital Audio Players,User Manual / Firmware,DE,,N6ii Downloads / Firmware / Updates,cayin.com,https://cayin.com/n6ii-downloads-firmware-updates/,Missing
CAYIN,N6iii (MK3),Digital Audio Players,User Manual / Firmware,DE,,N6iii (MK3) Downloads / Firmware / Updates,cayin.com,https://cayin.com/n6iii-mk3-downloads-firmware-updates/,Missing
CAYIN,N3 Ultra,Digital Audio Players,User Manual / Firmware,DE,,N3 Ultra Downloads / Bedienungsanleitung / Firmware,cayin.com,https://cayin.com/n3-ultra-downloads-bedienungsanleitung-firmware/,Missing
CAYIN,N3 Pro,Digital Audio Players,User Manual / Firmware,DE,,N3 Pro Downloads / Bedienungsanleitung / Firmware / Updates,cayin.com,https://cayin.com/n3-pro-downloads-bedienungsanleitung-firmware-updates/,Missing
CAYIN,N30LE,Digital Audio Players,Firmware / Update,DE,,N30LE Firmware / Update,cayin.com,https://cayin.com/n30le-firmware-update/,Missing
CAYIN,RU3,Portable USB DAC / Dongle Amplifiers,User Manual,DE,,Cayin RU3 Bedienungsanleitung,cayin.com,https://cayin.com/cayin-ru3-bedienungsanleitung/,Missing
CAYIN,RU9,Portable USB DAC / Dongle Amplifiers,User Manual,DE,,Cayin RU9 Bedienungsanleitung,cayin.com,https://cayin.com/cayin-ru9-bedienungsanleitung/,Missing
CAYIN,RU6 / RU7,Portable USB DAC / Dongle Amplifiers,User Manual / Firmware,DE,,RU6/RU7 Firmware / USB-Update / Bedienungsanleitung,cayin.com,https://cayin.com/ru6-ru7-firmware-usb-update-bedienungsanleitung/,Missing
CAYIN,iDAP-8 / CS-100DAP,Digital Transports / DACs,Driver / Firmware,DE,,"Cayin iDAP 8 und CS-100DAP Treibersoftware (page; firmware itself hosted off-domain on Google Drive, discarded)",cayin.com,https://cayin.com/cayin-idap-8-und-cs-100dap-treibersoftware/,Missing
CAYIN,Zingali (Zero Series / Quantum Array / Twenty Evo / Client Series),Speakers,Catalogue,DE/EN,Katalog-Zingali_Families_DE_EN_rev1.pdf,Zingali Lautsprecher Katalog (Families),cayin.com,https://cayin.com/ca-inhalte/uploads/2023/06/Katalog-Zingali_Families_DE_EN_rev1.pdf,Missing
CAYIN,Cayin USB-Audio Driver (Windows),Accessories / Software,Driver,DE,,Cayin USB-Audio Treiber für Windows,cayin.com,https://cayin.com/cayin-usb-audio-treiber-fuer-windows/,Missing
CAYIN,Cayin General Catalogue,Catalogues,Catalogue,DE,Cayin_A4_Kat_HR_24_RZ_kl.pdf,"Cayin Katalog 2024 (36-page brochure, incl. Mobile Audio)",cayin.com,https://cayin.com/ca-inhalte/uploads/2023/04/Cayin_A4_Kat_HR_24_RZ_kl.pdf,Missing
CHORD,Chord Electronics (range brochure),Company / General,brochure,en,Product-brochure-June-2023.pdf,Product Brochure (June 2023),chordelectronics.co.uk,https://chordelectronics.co.uk/wp-content/uploads/2023/06/Product-brochure-June-2023.pdf,Missing
CHORD,Mojo 2,DACs,manual,en,Mojo-2-4.4-user-manual.pdf,Mojo 2 User Manual,chordelectronics.co.uk,https://chordelectronics.co.uk/wp-content/uploads/2022/01/Mojo-2-4.4-user-manual.pdf,Missing
CHORD,Mojo 2,DACs,driver,,Windows-10-768KHz-driver.zip,Windows 10 768kHz Driver,chordelectronics.co.uk,https://chordelectronics.co.uk/wp-content/uploads/2017/01/Windows-10-768KHz-driver.zip,Missing
CHORD,Hugo 2,DACs,manual,en,Hugo-2-user-manual-V2.3.pdf,Hugo 2 User Manual V2.3,chordelectronics.co.uk,https://chordelectronics.co.uk/wp-content/uploads/2017/01/Hugo-2-user-manual-V2.3.pdf,Missing
CHORD,Hugo 2,DACs,driver,,Chord-Electronics-DAC-Driver-Windows-10-and-11-2025.zip,"Chord Electronics DAC Driver (Windows 10 & 11, 2025)",chordelectronics.co.uk,https://chordelectronics.co.uk/wp-content/uploads/2023/04/Chord-Electronics-DAC-Driver-Windows-10-and-11-2025.zip,Missing
CHORD,Hugo 2,DACs,driver,,SetupASIO64.msi_.zip,ASIO Driver 64-bit,chordelectronics.co.uk,https://chordelectronics.co.uk/wp-content/uploads/2018/07/SetupASIO64.msi_.zip,Missing
CHORD,Hugo 2,DACs,driver,,SetupASIO32.msi_.zip,ASIO Driver 32-bit,chordelectronics.co.uk,https://chordelectronics.co.uk/wp-content/uploads/2018/07/SetupASIO32.msi_.zip,Missing
CHORD,Qutest,DACs,manual,en,Qutest-User-manual-2.1.pdf,Qutest User Manual 2.1,chordelectronics.co.uk,https://chordelectronics.co.uk/wp-content/uploads/2018/01/Qutest-User-manual-2.1.pdf,Missing
CHORD,Qutest,DACs,manual,nl,Qutest-User-Manual-Dutch.pdf,Qutest User Manual (Dutch),chordelectronics.co.uk,https://chordelectronics.co.uk/wp-content/uploads/2018/01/Qutest-User-Manual-Dutch.pdf,Missing
CHORD,Hugo TT 2,DACs,manual,en,A4-Manual-Hugo-TT-2-V2-1.pdf,Hugo TT 2 Manual V2.1,chordelectronics.co.uk,https://chordelectronics.co.uk/wp-content/uploads/2023/04/A4-Manual-Hugo-TT-2-V2-1.pdf,Missing
CHORD,Hugo TT 2,DACs,quickstart,en,Hugo-TT-2-quickstart.pdf,Hugo TT 2 Quick Start Guide,chordelectronics.co.uk,https://chordelectronics.co.uk/wp-content/uploads/2018/05/Hugo-TT-2-quickstart.pdf,Missing
CHORD,DAVE,DACs,manual,en,DAVE-User-manual-V1.4.pdf,DAVE User Manual V1.4,chordelectronics.co.uk,https://chordelectronics.co.uk/wp-content/uploads/2016/09/DAVE-User-manual-V1.4.pdf,Missing
CHORD,DAVE,DACs,quickstart,en,Dave-Quickstart.pdf,DAVE Quick Start Guide,chordelectronics.co.uk,https://chordelectronics.co.uk/wp-content/uploads/2016/09/Dave-Quickstart.pdf,Missing
CHORD,DAVE,DACs,press-release,en,DAVE-Press.pdf,DAVE Press Release,chordelectronics.co.uk,https://chordelectronics.co.uk/wp-content/uploads/2016/09/DAVE-Press.pdf,Missing
CHORD,DAVE,DACs,presentation,en,DAVE-Technology-Presentation.pptx,DAVE Technology Presentation,chordelectronics.co.uk,https://chordelectronics.co.uk/wp-content/uploads/2016/09/DAVE-Technology-Presentation.pptx,Missing
CHORD,Poly,Streamers,manual,en,Poly-User-manual-v3.3.pdf,Poly User Manual v3.3,chordelectronics.co.uk,https://chordelectronics.co.uk/wp-content/uploads/2017/01/Poly-User-manual-v3.3.pdf,Missing
CHORD,Poly,Streamers,manual,en,Gofigure-Manual-English.pdf,GoFigure App Manual (English),chordelectronics.co.uk,https://chordelectronics.co.uk/wp-content/uploads/2017/01/Gofigure-Manual-English.pdf,Missing
CHORD,2go,Streamers,manual,en,2Go-user-manual-V1.6.pdf,2go User Manual V1.6,chordelectronics.co.uk,https://chordelectronics.co.uk/wp-content/uploads/2020/02/2Go-user-manual-V1.6.pdf,Missing
CHORD,2go,Streamers,quickstart,en,Get-started-with-2go.pdf,Get Started with 2go,chordelectronics.co.uk,https://chordelectronics.co.uk/wp-content/uploads/2020/02/Get-started-with-2go.pdf,Missing
CHORD,2yu,Streamers,manual,en,2yu-user-manual-V.1.1.pdf,2yu User Manual V1.1,chordelectronics.co.uk,https://chordelectronics.co.uk/wp-content/uploads/2020/02/2yu-user-manual-V.1.1.pdf,Missing
CHORD,Mojo (original) (legacy),Legacy,manual,en,Mojo-User-Manual.pdf,Mojo User Manual,chordelectronics.co.uk,https://chordelectronics.co.uk/wp-content/uploads/2016/09/Mojo-User-Manual.pdf,Missing
DAVIS,General / Company-wide,Catalogues & General Manuals,User Manual,FR,Manuel-ulisateur-davis-acoustics_compressed.pdf,Manuel de l'utilisateur,davis-acoustics.com,https://davis-acoustics.com/wp-content/uploads/2025/10/Manuel-ulisateur-davis-acoustics_compressed.pdf,Missing
DAVIS,General / Company-wide,Catalogues & General Manuals,Catalogue,FR,catalogue-2026-site-a-jour.pdf,Catalogue 2026 - Enceintes Haute-Fidelite,davis-acoustics.com,https://davis-acoustics.com/wp-content/uploads/2026/07/catalogue-2026-site-a-jour.pdf,Missing
DAVIS,General / Company-wide,Catalogues & General Manuals,Catalogue,FR,Catalogue20252026-1.pdf,Catalogue Enceintes Haute-Fidelite 2025-2026,davis-acoustics.com,https://davis-acoustics.com/wp-content/uploads/2025/06/Catalogue20252026-1.pdf,Missing
DAVIS,General / Company-wide,Catalogues & General Manuals,Catalogue,FR,Catalogue-FR-Home-Cinema-ajour.pdf,Catalogue Home Cinema et Integration,davis-acoustics.com,https://davis-acoustics.com/wp-content/uploads/2023/12/Catalogue-FR-Home-Cinema-ajour.pdf,Missing
DAVIS,Stellar (Heritage flagship),Loudspeakers,Datasheet,FR,,Fiche technique Stellar (PDF attachment page),davis-acoustics.com,https://davis-acoustics.com/nouvelle-fiche-technique-stellar-fr-final_compressed/,Missing
DAVIS,The Wall (Heritage),Loudspeakers,Datasheet,FR,fiche-technique-the-wall.jpg,Fiche technique The Wall,davis-acoustics.com,https://davis-acoustics.com/wp-content/uploads/2023/11/fiche-technique-the-wall.jpg,Missing
DAVIS,Courbet N8,Loudspeakers,Datasheet,FR,Courbet-8-1.pdf,Fiche technique Courbet N8,davis-acoustics.com,https://davis-acoustics.com/wp-content/uploads/2021/04/Courbet-8-1.pdf,Missing
DAVIS,Courbet N8,Loudspeakers,White Paper,DE,Courbet_no8_HIFITEST-1-2026.pdf,HifiTest - Standlautsprecher Davis Acoustics Courbet N8 (review),davis-acoustics.com,https://davis-acoustics.com/wp-content/uploads/2026/06/Courbet_no8_HIFITEST-1-2026.pdf,Missing
DAVIS,Courbet 4 S2,Loudspeakers,Datasheet,FR,COURBET-4-S2-fiche-technique-data-sheet.pdf,Fiche technique / Data sheet Courbet 4 S2,davis-acoustics.com,https://davis-acoustics.com/wp-content/uploads/2026/06/COURBET-4-S2-fiche-technique-data-sheet.pdf,Missing
DAVIS,Krypton 10,Loudspeakers,Datasheet,FR,fiche-technique-data-sheet-krypton-10-compressed.pdf,Fiche technique / Data sheet Krypton 10,davis-acoustics.com,https://davis-acoustics.com/wp-content/uploads/2025/11/fiche-technique-data-sheet-krypton-10-compressed.pdf,Missing
DAVIS,Ariane 9,Loudspeakers,Datasheet,FR,Ariane-9-fiche-technique.pdf,Fiche technique Ariane 9,davis-acoustics.com,https://davis-acoustics.com/wp-content/uploads/2025/06/Ariane-9-fiche-technique.pdf,Missing
DAVIS,Dhavani MK2 (D-Max),Loudspeakers,Datasheet,FR,Dhavani-mk2.pdf,Fiche technique Dhavani MK2,davis-acoustics.com,https://davis-acoustics.com/wp-content/uploads/2020/08/Dhavani-mk2.pdf,Missing
DAVIS,Mani MK2 (D-Max),Loudspeakers,Datasheet,FR,Mani-mk2.pdf,Fiche technique Mani MK2,davis-acoustics.com,https://davis-acoustics.com/wp-content/uploads/2020/08/Mani-mk2.pdf,Missing
DAVIS,KLOE,DIY Speaker Kits,Datasheet,FR,KIT-KLOE2.pdf,Kit KLOE,davis-acoustics.com,https://davis-acoustics.com/wp-content/uploads/2020/08/KIT-KLOE2.pdf,Missing
DAVIS,KRISTEL,DIY Speaker Kits,Datasheet,FR,kristel.pdf,Kit KRISTEL,davis-acoustics.com,https://davis-acoustics.com/wp-content/uploads/2020/08/kristel.pdf,Missing
DAVIS,MV 15,DIY Speaker Kits,Datasheet,FR,mv15-1-copie.pdf,Kit MV 15,davis-acoustics.com,https://davis-acoustics.com/wp-content/uploads/2026/02/mv15-1-copie.pdf,Missing
DAVIS,HOME THEATER,DIY Speaker Kits,Datasheet,FR,HOME-THEATER.pdf,Kit Home Theater,davis-acoustics.com,https://davis-acoustics.com/wp-content/uploads/2020/08/HOME-THEATER.pdf,Missing
DAVIS,KLARENCE,DIY Speaker Kits,Datasheet,FR,KLARENCE.pdf,Kit KLARENCE,davis-acoustics.com,https://davis-acoustics.com/wp-content/uploads/2020/08/KLARENCE.pdf,Missing
DAVIS,MV 414,DIY Speaker Kits,Datasheet,FR,MV414.pdf,Kit MV 414,davis-acoustics.com,https://davis-acoustics.com/wp-content/uploads/2020/08/MV414.pdf,Missing
DAVIS,MV 4A,DIY Speaker Kits,Datasheet,FR,mv4A-2-kit.pdf,Kit MV 4A,davis-acoustics.com,https://davis-acoustics.com/wp-content/uploads/2024/08/mv4A-2-kit.pdf,Missing
DAVIS,MV 707,DIY Speaker Kits,Datasheet,FR,MV707-NEW.pdf,Kit MV 707,davis-acoustics.com,https://davis-acoustics.com/wp-content/uploads/2022/04/MV707-NEW.pdf,Missing
EAT,Fortissimo,Turntables,User Guide,EN,eat-fortissimo-userguide-d00000214.pdf,E.A.T. Fortissimo userguide,www.europeanaudioteam.com,https://www.europeanaudioteam.com/c3/docs/eat-fortissimo-userguide-d00000214.pdf,Missing
EAT,Fortissimo S,Turntables,User Guide,EN,eat-fortissimo-s-userguide-d00000212.pdf,EAT Fortissimo S – Userguide,www.europeanaudioteam.com,https://www.europeanaudioteam.com/c3/docs/eat-fortissimo-s-userguide-d00000212.pdf,Missing
EAT,Forte,Turntables,User Guide,EN,eat-forte-userguide-d00000215.pdf,EAT Forte userguide,www.europeanaudioteam.com,https://www.europeanaudioteam.com/c3/docs/eat-forte-userguide-d00000215.pdf,Missing
EAT,Forte S,Turntables,User Guide,EN,eat-forte-s-userguide-d00000221.pdf,E.A.T. Forte S Userguide,www.europeanaudioteam.com,https://www.europeanaudioteam.com/c3/docs/eat-forte-s-userguide-d00000221.pdf,Missing
EAT,E-Flat (legacy),Turntables,User Guide,EN,e-flat-user-guide-d00000044.pdf,E-Flat User Guide,www.europeanaudioteam.com,https://www.europeanaudioteam.com/c3/docs/e-flat-user-guide-d00000044.pdf,Missing
EAT,C-Sharp,Turntables,User Manual,EN,user-manual-e.a.t-c-sharp-d00000027.pdf,User Manual E.A.T C-Sharp,www.europeanaudioteam.com,https://www.europeanaudioteam.com/c3/docs/user-manual-e.a.t-c-sharp-d00000027.pdf,Missing
EAT,C-Dur,Turntables,User Guide,EN,eat-c-dur-userguide-d00000213.pdf,E.A.T. C-Dur userguide,www.europeanaudioteam.com,https://www.europeanaudioteam.com/c3/docs/eat-c-dur-userguide-d00000213.pdf,Missing
EAT,C-Major,Turntables,User Manual,EN,c-major-user-manual-d00000025.pdf,C-Major user manual,www.europeanaudioteam.com,https://www.europeanaudioteam.com/c3/docs/c-major-user-manual-d00000025.pdf,Missing
EAT,C-Major,Turntables,Cutaway Diagram,EN,c-major-cutaway-d00000026.pdf,C-Major Cutaway,www.europeanaudioteam.com,https://www.europeanaudioteam.com/c3/docs/c-major-cutaway-d00000026.pdf,Missing
EAT,B-Sharp,Turntables,User Guide,EN,e.a.t-b-sharp-userguide-17032017-d00000023.pdf,E.A.T-B_Sharp_userguide_17032017,www.europeanaudioteam.com,https://www.europeanaudioteam.com/c3/docs/e.a.t-b-sharp-userguide-17032017-d00000023.pdf,Missing
EAT,B-Sharp,Turntables,User Manual,DE,b-sharp-bedienungsanleitung-d00000024.pdf,B-Sharp Bedienungsanleitung,www.europeanaudioteam.com,https://www.europeanaudioteam.com/c3/docs/b-sharp-bedienungsanleitung-d00000024.pdf,Missing
EAT,Prelude,Turntables,User Guide,EN,eat-prelude-userguide-d00000216.pdf,E.A.T. Prelude Userguide,www.europeanaudioteam.com,https://www.europeanaudioteam.com/c3/docs/eat-prelude-userguide-d00000216.pdf,Missing
EAT,F-Note Tonearm,Tonearms,User Guide,EN,eat-f-note-tonearm-user-guide-d00000203.pdf,E.A.T. F-Note Tonearm – User guide,www.europeanaudioteam.com,https://www.europeanaudioteam.com/c3/docs/eat-f-note-tonearm-user-guide-d00000203.pdf,Missing
EAT,C-Note Tonearm,Tonearms,User Manual,EN,eat-c-note-manual-d00000205.pdf,EAT C-Note Manual,www.europeanaudioteam.com,https://www.europeanaudioteam.com/c3/docs/eat-c-note-manual-d00000205.pdf,Missing
EAT,E-Glo FB,Phono Stages,User Guide,EN,e-glo-fb-userguide-d00000220.pdf,E-Glo FB Userguide,www.europeanaudioteam.com,https://www.europeanaudioteam.com/c3/docs/e-glo-fb-userguide-d00000220.pdf,Missing
EAT,E-Glo 2,Phono Stages,User Guide,EN,eat-e-glo-2-userguide-d00000218.pdf,E.A.T. E-Glo 2 userguide,www.europeanaudioteam.com,https://www.europeanaudioteam.com/c3/docs/eat-e-glo-2-userguide-d00000218.pdf,Missing
EAT,E-Glo Petit 2,Phono Stages,User Manual,EN,eat-e-glo-petit-manual-d00000206.pdf,EAT E-Glo Petit Manual,www.europeanaudioteam.com,https://www.europeanaudioteam.com/c3/docs/eat-e-glo-petit-manual-d00000206.pdf,Missing
ESOTERIC,Grandioso K1X SE,SACD/CD Player,Owner's Manual,"EN, FR, ES",k1x_om_efs_vk.pdf,Grandioso K1X SE Owner's Manual,esoteric.jp,https://www.esoteric.jp/downloads/products/esoteric/k1x/k1x_om_efs_vk.pdf,Missing
ESOTERIC,Grandioso K1X SE,SACD/CD Player,Owner's Manual,"DE, IT",k1x_om_gi_vj.pdf,Grandioso K1X SE Owner's Manual,esoteric.jp,https://www.esoteric.jp/downloads/products/esoteric/k1x/k1x_om_gi_vj.pdf,Missing
ESOTERIC,Grandioso K1X SE,SACD/CD Player,Instruction Manual,EN,k1x_updater_om_e_vc.pdf,Grandioso K1X Firmware Update Manual,esoteric.jp,https://www.esoteric.jp/downloads/products/esoteric/k1x/k1x_updater_om_e_vc.pdf,Missing
ESOTERIC,Grandioso K1X SE,SACD/CD Player,Catalog,EN,ebrochure_k1x_se_e_vb.pdf,Grandioso K1X SE Brochure,esoteric.jp,https://www.esoteric.jp/downloads/catalogs/esoteric/ebrochure_k1x_se_e_vb.pdf,Missing
ESOTERIC,Grandioso K1X SE,SACD/CD Player,Firmware,N/A,k1x_ifv330b_updater_withdriver.zip,K1X I/F Firmware V3.30b (updater with driver),esoteric.jp,https://www.esoteric.jp/downloads/products/esoteric/k1x/k1x_ifv330b_updater_withdriver.zip,Missing
ESOTERIC,K-01XD / K-03XD,SACD/CD Player,Owner's Manual,"EN, FR, ES",k-01xd_k-03xd_om_efs_vd.pdf,K-01XD/K-03XD Owner's Manual,esoteric.jp,https://www.esoteric.jp/downloads/products/esoteric/k-01xd/k-01xd_k-03xd_om_efs_vd.pdf,Missing
ESOTERIC,K-01XD / K-03XD,SACD/CD Player,Owner's Manual,"DE, IT",k-01xd_k-03xd_om_gi_vd.pdf,K-01XD/K-03XD Owner's Manual,esoteric.jp,https://www.esoteric.jp/downloads/products/esoteric/k-01xd/k-01xd_k-03xd_om_gi_vd.pdf,Missing
ESOTERIC,K-01XD / K-03XD,SACD/CD Player,Catalog,EN,ebrochure_k-01xd_k-03xd_en.pdf,K-01XD K-03XD Brochure,esoteric.jp,https://www.esoteric.jp/downloads/products/esoteric/k-01xd/ebrochure_k-01xd_k-03xd_en.pdf,Missing
ESOTERIC,K-01XD / K-03XD,SACD/CD Player,Instruction Manual,EN,if_fw_update_with_driver_om_e_vc.pdf,I/F Firmware Updater Instruction Manual,esoteric.jp,https://www.esoteric.jp/downloads/products/esoteric/k-01xd/if_fw_update_with_driver_om_e_vc.pdf,Missing
ESOTERIC,K-01XD / K-03XD,SACD/CD Player,Firmware,N/A,fpga_updater_withdriver_k01xd_k03xd_digv004_dacv003_n.zip,Audio Firmware V004 (FPGA updater with driver),esoteric.jp,https://www.esoteric.jp/downloads/products/esoteric/k-01xd/fpga_updater_withdriver_k01xd_k03xd_digv004_dacv003_n.zip,Missing
ESOTERIC,K-01XD / K-03XD,SACD/CD Player,Firmware,N/A,k01xd_ifv301_updater_withdriver.zip,K-01XD I/F Firmware V3.01 (updater with driver),esoteric.jp,https://www.esoteric.jp/downloads/products/esoteric/k-01xd/k01xd_ifv301_updater_withdriver.zip,Missing
ESOTERIC,K-01XD / K-03XD,SACD/CD Player,Datasheet,EN,esoteric_rs232c_command_table_rev1.5.pdf,Esoteric RS-232C Command Table V1.5,esoteric.jp,https://www.esoteric.jp/downloads/products/esoteric/k-01xd/esoteric_rs232c_command_table_rev1.5.pdf,Missing
ESOTERIC,Grandioso P1X SE,SACD/CD Transport,Owner's Manual,"EN, FR, ES",p1x_om_efs_vg.pdf,Grandioso P1X SE Owner's Manual,esoteric.jp,https://www.esoteric.jp/downloads/products/esoteric/p1x/p1x_om_efs_vg.pdf,Missing
ESOTERIC,Grandioso P1X SE,SACD/CD Transport,Owner's Manual,"DE, IT",p1x_om_gi_vg.pdf,Grandioso P1X SE Owner's Manual,esoteric.jp,https://www.esoteric.jp/downloads/products/esoteric/p1x/p1x_om_gi_vg.pdf,Missing
ESOTERIC,Grandioso P1X SE,SACD/CD Transport,Catalog,EN,ebrochure_p1x_se_d1x_se_e_vb.pdf,Grandioso P1X SE / D1X SE Brochure,esoteric.jp,https://www.esoteric.jp/downloads/catalogs/esoteric/ebrochure_p1x_se_d1x_se_e_vb.pdf,Missing
ESOTERIC,Grandioso P1X SE,SACD/CD Transport,Firmware,N/A,p1x_ifv240_updater_withdriver.zip,P1X I/F Firmware V2.40 (updater with driver),esoteric.jp,https://www.esoteric.jp/downloads/products/esoteric/p1x/p1x_ifv240_updater_withdriver.zip,Missing
ESOTERIC,Grandioso D1X SE,D/A Converter,Owner's Manual,"EN, FR, ES",d1x_om_efs_vh.pdf,Grandioso D1X SE Owner's Manual,esoteric.jp,https://www.esoteric.jp/downloads/products/esoteric/d1x/d1x_om_efs_vh.pdf,Missing
ESOTERIC,Grandioso D1X SE,D/A Converter,Owner's Manual,"DE, IT",d1x_om_gi_vg.pdf,Grandioso D1X SE Owner's Manual,esoteric.jp,https://www.esoteric.jp/downloads/products/esoteric/d1x/d1x_om_gi_vg.pdf,Missing
ESOTERIC,Grandioso D1X SE,D/A Converter,Instruction Manual,EN,d1x_updater_om_e_vb.pdf,Grandioso D1X Firmware Update Manual,esoteric.jp,https://www.esoteric.jp/downloads/products/esoteric/d1x/d1x_updater_om_e_vb.pdf,Missing
ESOTERIC,Grandioso D1X SE,D/A Converter,Firmware,N/A,d1x_ifv231_updater_withdriver.zip,D1X I/F Firmware V2.31 (updater with driver),esoteric.jp,https://www.esoteric.jp/downloads/products/esoteric/d1x/d1x_ifv231_updater_withdriver.zip,Missing
ESOTERIC,Grandioso N1,Network Player / Network DAC,Owner's Manual,"EN, FR, ES",n1_om_efs_vb.pdf,Grandioso N1 Owner's Manual,esoteric.jp,https://www.esoteric.jp/downloads/products/esoteric/n1/n1_om_efs_vb.pdf,Missing
ESOTERIC,Grandioso N1,Network Player / Network DAC,Owner's Manual,"DE, IT",n1_om_gi_vb.pdf,Grandioso N1 Owner's Manual,esoteric.jp,https://www.esoteric.jp/downloads/products/esoteric/n1/n1_om_gi_vb.pdf,Missing
ESOTERIC,Grandioso N1,Network Player / Network DAC,Catalog,EN,ebrochure_n1_e_va.pdf,Grandioso N1 Brochure,esoteric.jp,https://www.esoteric.jp/downloads/catalogs/esoteric/ebrochure_n1_e_va.pdf,Missing
ESOTERIC,Grandioso N1,Network Player / Network DAC,Firmware,N/A,n1_ifv120_updater_withdriver.zip,N1 I/F Firmware V1.20 (updater with driver),esoteric.jp,https://www.esoteric.jp/downloads/products/esoteric/n1/n1_ifv120_updater_withdriver.zip,Missing
ESOTERIC,N-05XD,Network Player / Network DAC,Owner's Manual,"EN, FR, ES",n-05xd_om_efs_vh.pdf,N-05XD Owner's Manual,esoteric.jp,https://www.esoteric.jp/downloads/products/esoteric/n-05xd/n-05xd_om_efs_vh.pdf,Missing
ESOTERIC,N-05XD,Network Player / Network DAC,Owner's Manual,"DE, IT",n-05xd_om_gi_vg.pdf,N-05XD Owner's Manual,esoteric.jp,https://www.esoteric.jp/downloads/products/esoteric/n-05xd/n-05xd_om_gi_vg.pdf,Missing
ESOTERIC,N-05XD,Network Player / Network DAC,Instruction Manual,"EN, FR, ES, DE, IT",n-05xd_ins_jefsgi_va.pdf,N-05XD additional features Owner's Manual (insert),esoteric.jp,https://www.esoteric.jp/downloads/products/esoteric/n-05xd/n-05xd_ins_jefsgi_va.pdf,Missing
ESOTERIC,N-05XD,Network Player / Network DAC,Catalog,EN,ebrochure_n-05xd_s-05_e_vb.pdf,N-05XD / S-05 Brochure,esoteric.jp,https://www.esoteric.jp/downloads/catalogs/esoteric/ebrochure_n-05xd_s-05_e_vb.pdf,Missing
ESOTERIC,N-05XD,Network Player / Network DAC,Firmware,N/A,n-05xd_ift215.zip,N-05XD I/F Firmware T2.15,esoteric.jp,https://www.esoteric.jp/downloads/products/esoteric/n-05xd/n-05xd_ift215.zip,Missing
ESOTERIC,N-05XD,Network Player / Network DAC,Firmware,N/A,usbv110502_updater.zip,N-05XD USB with MQA V110502 (updater),esoteric.jp,https://www.esoteric.jp/downloads/products/esoteric/n-05xd/usbv110502_updater.zip,Missing
ESOTERIC,N-05XE,Network Player / Network DAC,Owner's Manual,"EN, FR, ES",n-05xe_om_efs_va.pdf,N-05XE Owner's Manual,esoteric.jp,https://www.esoteric.jp/downloads/products/esoteric/n-05xe/n-05xe_om_efs_va.pdf,Missing
ESOTERIC,N-05XE,Network Player / Network DAC,Owner's Manual,"DE, IT",n-05xe_om_gi_va.pdf,N-05XE Owner's Manual,esoteric.jp,https://www.esoteric.jp/downloads/products/esoteric/n-05xe/n-05xe_om_gi_va.pdf,Missing
ESOTERIC,N-05XE,Network Player / Network DAC,Datasheet,EN,esoteric_05_xd_vs_xe_comparison_chart_2026.04.06.pdf,Esoteric 05 Series Comparison Chart (XD vs XE),esoteric.jp,https://www.esoteric.jp/downloads/products/esoteric/n-05xe/esoteric_05_xd_vs_xe_comparison_chart_2026.04.06.pdf,Missing
ESOTERIC,N-05XE,Network Player / Network DAC,Firmware,N/A,n-05xe_ift102a_updater_withdriver.zip,N-05XE I/F Firmware T1.02a (updater with driver),esoteric.jp,https://www.esoteric.jp/downloads/products/esoteric/n-05xe/n-05xe_ift102a_updater_withdriver.zip,Missing
ESOTERIC,N-05XE,Network Player / Network DAC,Firmware,N/A,n-05xe_ifv101_updater_withdriver.zip,N-05XE I/F Firmware V1.01 (updater with driver),esoteric.jp,https://www.esoteric.jp/downloads/products/esoteric/n-05xe/n-05xe_ifv101_updater_withdriver.zip,Missing
ESOTERIC,Grandioso G1X,Master Clock Generator,Owner's Manual,"EN, FR, ES",g1x_om_efs_vb2.pdf,Grandioso G1X Owner's Manual,esoteric.jp,https://www.esoteric.jp/downloads/products/esoteric/g1x/g1x_om_efs_vb2.pdf,Missing
ESOTERIC,Grandioso G1X,Master Clock Generator,Owner's Manual,"DE, IT",g1x_om_gi_vb.pdf,Grandioso G1X Owner's Manual,esoteric.jp,https://www.esoteric.jp/downloads/products/esoteric/g1x/g1x_om_gi_vb.pdf,Missing
ESOTERIC,Grandioso G1X,Master Clock Generator,Catalog,EN,ebrochure_g1x_e_vb.pdf,Grandioso G1X Brochure,esoteric.jp,https://www.esoteric.jp/downloads/catalogs/esoteric/ebrochure_g1x_e_vb.pdf,Missing
ESOTERIC,G-01XD,Master Clock Generator,Owner's Manual,"EN, FR, ES",g-01xd_om_efs_va.pdf,G-01XD Owner's Manual,esoteric.jp,https://www.esoteric.jp/downloads/products/esoteric/g-01xd/g-01xd_om_efs_va.pdf,Missing
ESOTERIC,G-01XD,Master Clock Generator,Owner's Manual,"DE, IT",g-01xd_om_gi_va2.pdf,G-01XD Owner's Manual,esoteric.jp,https://www.esoteric.jp/downloads/products/esoteric/g-01xd/g-01xd_om_gi_va2.pdf,Missing
ESOTERIC,G-01XD,Master Clock Generator,Catalog,EN,ebrochure_g-01xd_e_vb.pdf,G-01XD Brochure,esoteric.jp,https://www.esoteric.jp/downloads/catalogs/esoteric/ebrochure_g-01xd_e_vb.pdf,Missing
ESOTERIC,Grandioso M1X,Power Amplifier,Owner's Manual,"EN, FR, ES",m1x_om_efs_vb2.pdf,Grandioso M1X Owner's Manual,esoteric.jp,https://www.esoteric.jp/downloads/products/esoteric/m1x/m1x_om_efs_vb2.pdf,Missing
ESOTERIC,Grandioso M1X,Power Amplifier,Owner's Manual,"DE, IT",m1x_om_gi_vb.pdf,Grandioso M1X Owner's Manual,esoteric.jp,https://www.esoteric.jp/downloads/products/esoteric/m1x/m1x_om_gi_vb.pdf,Missing
ESOTERIC,Grandioso M1X,Power Amplifier,Catalog,EN,ebrochure_m1x_e_vb.pdf,Grandioso M1X Brochure,esoteric.jp,https://www.esoteric.jp/downloads/catalogs/esoteric/ebrochure_m1x_e_vb.pdf,Missing
ESOTERIC,Grandioso C1X,Pre Amplifier,Owner's Manual,"EN, FR, ES",c1x_om_efs_vd2.pdf,Grandioso C1X Owner's Manual,esoteric.jp,https://www.esoteric.jp/downloads/products/esoteric/c1x/c1x_om_efs_vd2.pdf,Missing
ESOTERIC,Grandioso C1X,Pre Amplifier,Owner's Manual,"DE, IT",c1x_om_gi_vd.pdf,Grandioso C1X Owner's Manual,esoteric.jp,https://www.esoteric.jp/downloads/products/esoteric/c1x/c1x_om_gi_vd.pdf,Missing
ESOTERIC,Grandioso C1X,Pre Amplifier,Catalog,EN,ebrochure_c1x_e_vb.pdf,Grandioso C1X Brochure,esoteric.jp,https://www.esoteric.jp/downloads/catalogs/esoteric/ebrochure_c1x_e_vb.pdf,Missing
ESOTERIC,Grandioso C1X,Pre Amplifier,Firmware,N/A,c1x_ifv111d_updater_e_withdriver.zip,C1X I/F Firmware V1.11d (updater with driver),esoteric.jp,https://www.esoteric.jp/downloads/products/esoteric/c1x/c1x_ifv111d_updater_e_withdriver.zip,Missing
ESOTERIC,F-01 / F-02,Integrated Amplifier,Owner's Manual,"EN, FR, ES",f-01_f-02_om_efs_vd.pdf,F-01 / F-02 Owner's Manual,esoteric.jp,https://www.esoteric.jp/downloads/products/esoteric/f-01/f-01_f-02_om_efs_vd.pdf,Missing
ESOTERIC,F-01 / F-02,Integrated Amplifier,Owner's Manual,"DE, IT",f-01_f-02_om_gi_vc.pdf,F-01 / F-02 Owner's Manual,esoteric.jp,https://www.esoteric.jp/downloads/products/esoteric/f-01/f-01_f-02_om_gi_vc.pdf,Missing
ESOTERIC,F-01 / F-02,Integrated Amplifier,Catalog,EN,ebrochure_f-01_f-02_e_vd.pdf,F-01 / F-02 Brochure,esoteric.jp,https://www.esoteric.jp/downloads/catalogs/esoteric/ebrochure_f-01_f-02_e_vd.pdf,Missing
ESOTERIC,F-01 / F-02,Integrated Amplifier,Firmware,N/A,f01_ifv110_updater_withdriver.zip,F-01 I/F Firmware V1.10 (updater with driver),esoteric.jp,https://www.esoteric.jp/downloads/products/esoteric/f-01/f01_ifv110_updater_withdriver.zip,Missing
ESOTERIC,Grandioso T1,Turntable,Owner's Manual,"EN, FR, ES",t1_om_efs_vd.pdf,Grandioso T1 Owner's Manual,esoteric.jp,https://www.esoteric.jp/downloads/products/esoteric/t1/t1_om_efs_vd.pdf,Missing
ESOTERIC,Grandioso T1,Turntable,Owner's Manual,"DE, IT",t1_om_gi_vd.pdf,Grandioso T1 Owner's Manual,esoteric.jp,https://www.esoteric.jp/downloads/products/esoteric/t1/t1_om_gi_vd.pdf,Missing
ESOTERIC,Grandioso T1,Turntable,Owner's Manual,"EN, FR, ES",ta-9d_om_efs_vc.pdf,TA-9D Tonearm Owner's Manual,esoteric.jp,https://www.esoteric.jp/downloads/products/esoteric/t1/ta-9d_om_efs_vc.pdf,Missing
ESOTERIC,Grandioso T1,Turntable,Catalog,EN,ebrochure_t1_full_e_vb.pdf,Grandioso T1 Full Brochure,esoteric.jp,https://www.esoteric.jp/downloads/catalogs/esoteric/ebrochure_t1_full_e_vb.pdf,Missing
ESOTERIC,Grandioso T1,Turntable,Catalog,EN,ebrochure_e1_t1_e_vb.pdf,Grandioso T1 / E1 Brochure,esoteric.jp,https://www.esoteric.jp/downloads/catalogs/esoteric/ebrochure_e1_t1_e_vb.pdf,Missing
ESOTERIC,Grandioso T1,Turntable,Instruction Manual,"EN, FR, ES, DE, IT",t1_ins_efsgi_va2.pdf,Grandioso T1 Transportation Locking Screws Instructions,esoteric.jp,https://www.esoteric.jp/downloads/products/esoteric/t1/t1_ins_efsgi_va2.pdf,Missing
ESOTERIC,Esoteric (brand),Catalogs / Drivers (brand-wide),Catalog,EN,ebrochure_esoteric(en_mid2025)_20250808.pdf,Esoteric Full Brochure (mid-2025),esoteric.jp,https://www.esoteric.jp/downloads/catalogs/esoteric/ebrochure_esoteric(en_mid2025)_20250808.pdf,Missing
ESOTERIC,Esoteric (brand),Catalogs / Drivers (brand-wide),Catalog,EN,ebrochure_grandioso_se_e_vb.pdf,Grandioso SE models Brochure,esoteric.jp,https://www.esoteric.jp/downloads/catalogs/esoteric/ebrochure_grandioso_se_e_vb.pdf,Missing
ESOTERIC,Esoteric (brand),Catalogs / Drivers (brand-wide),Catalog,DE,esoteric_full_brochure_de_web.pdf,Esoteric Full Brochure (German),esoteric.jp,https://www.esoteric.jp/downloads/catalogs/esoteric/esoteric_full_brochure_de_web.pdf,Missing
ESOTERIC,Esoteric (brand),Catalogs / Drivers (brand-wide),Driver,N/A,win_esoteric_asio_usb_driver_v1036.zip,Esoteric USB Audio Driver (Windows) V1.0.36,esoteric.jp,https://www.esoteric.jp/downloads/products/esoteric/usb_driver/win_esoteric_asio_usb_driver_v1036.zip,Missing
ESOTERIC,Esoteric (brand),Catalogs / Drivers (brand-wide),Driver,N/A,esoteric_usb_audio_v1_0_10.zip,Esoteric USB Audio Driver (Macintosh) V1.0.10,esoteric.jp,https://www.esoteric.jp/downloads/products/esoteric/usb_driver/esoteric_usb_audio_v1_0_10.zip,Missing
ESOTERIC,Esoteric (brand),Catalogs / Drivers (brand-wide),Instruction Manual,EN,esoteric_asio_usb_drv_install_guide_e_vd.pdf,Installation guide for the Esoteric ASIO USB Driver,esoteric.jp,https://www.esoteric.jp/downloads/products/esoteric/k-01xd/esoteric_asio_usb_drv_install_guide_e_vd.pdf,Missing
MARTEN,"All Ranges (Dexter, Coltrane, Mingus, Parker, Oscar) — Product Catalogue",Speakers,Brochure/Catalogue,EN,Product-Brochure-2025-digital.pdf,Product Brochure 2025 (digital),marten.se,https://usercontent.one/wp/www.marten.se/wp-content/uploads/2025/05/Product-Brochure-2025-digital.pdf?media=1785940594,Missing
MERASON,DAC 2,DACs,Brochure,EN,Merason-DAC2_brochure_en.pdf,Merason DAC 2 Brochure,merason.com,https://merason.com/s/Merason-DAC2_brochure_en.pdf,Missing
MERASON,DAC 1 Mk II,DACs,User Manual,EN,user-manual-merason-dac1.pdf,User manual Merason DAC 1,merason.com,https://merason.com/s/user-manual-merason-dac1.pdf,Missing
MERASON,DAC 1 Mk II,DACs,User Manual,DE,bedienungsanleitung_merason_dac_1_v22.pdf,Bedienungsanleitung Merason DAC 1 (v22),merason.com,https://merason.com/s/bedienungsanleitung_merason_dac_1_v22.pdf,Missing
MERASON,frérot,DACs,User Manual,DE,bedienungsanleitung_merason_frerot_v13.pdf,Bedienungsanleitung Merason frérot (v13),merason.com,https://merason.com/s/bedienungsanleitung_merason_frerot_v13.pdf,Missing
MERASON,Reuss,Integrated Amplifiers,User Manual,DE,manual_merason_reuss-v02-DE.pdf,Bedienungsanleitung Merason Reuss (v02),merason.com,https://merason.com/s/manual_merason_reuss-v02-DE.pdf,Missing
MERASON,"ASIO Driver (Windows, all USB DAC models)",Accessories,Driver Software,DE/EN,setup_w7_w10.exe,ASIO drivers for Windows 7 to Windows 11 (setup),merason.com,https://merason.com/s/setup_w7_w10.exe,Missing
PRIMARE,I15 MM,Integrated Amplifiers,User Guide,EN,,I15 Analog Integrated Amplifier User Guide,primare.net,https://primare.net/user-guides/i15-analog-integrated-amplifier-user-guide/,Missing
PRIMARE,I15 MM,Integrated Amplifiers,Specifications,EN,Primare-I15-MM-Preliminary-Specifications-1.pdf,Primare I15 MM Preliminary Specifications,primare.net,https://primare.net/wp-content/uploads/2019/03/Primare-I15-MM-Preliminary-Specifications-1.pdf,Missing
PRIMARE,I15 MM,Integrated Amplifiers,Dimensional Drawing,EN,I15MM-outside-dimensions-drawing.pdf,I15MM outside dimensions drawing,primare.net,https://primare.net/wp-content/uploads/2024/12/I15MM-outside-dimensions-drawing.pdf,Missing
PRIMARE,I15 Prisma MK2,Integrated Amplifiers,User Guide,EN,,I15 Prisma MK2 Integrated Amplifier User Guide,primare.net,https://primare.net/user-guides/i15-prisma-mk2-integrated-amplifier-user-guide/,Missing
PRIMARE,I15 Prisma MK2,Integrated Amplifiers,Design Brief,EN,I15-Prisma-MK2-Design-Brief-17112021.pdf,I15 Prisma MK2 Design Brief 17112021,primare.net,https://primare.net/wp-content/uploads/2020/08/I15-Prisma-MK2-Design-Brief-17112021.pdf,Missing
PRIMARE,I15 Prisma MK2,Integrated Amplifiers,Dimensional Drawing,EN,I15_Prisma-outside-dimensions-drawing.pdf,I15 Prisma outside dimensions drawing,primare.net,https://primare.net/wp-content/uploads/2024/12/I15_Prisma-outside-dimensions-drawing.pdf,Missing
PRIMARE,I15 Prisma MK2,Integrated Amplifiers,Technical Specification,EN,I15-RS232-Command-list-official-2018-11-20.pdf,I15 RS232 Command list 2018-11-20,primare.net,https://primare.net/wp-content/uploads/2019/01/I15-RS232-Command-list-official-2018-11-20.pdf,Missing
PRIMARE,I15 Prisma MK2,Integrated Amplifiers,Driver,EN,Primare_USBAudio_v5.72.0_2024-11-13_setup.zip,Primare USB Audio v5.72.0 setup (2024-11-13),primare.net,https://primare.net/wp-content/uploads/2022/12/Primare_USBAudio_v5.72.0_2024-11-13_setup.zip,Missing
PRIMARE,I15 Prisma MK2,Integrated Amplifiers,Driver,EN,Primare_USBAudio_v5.68.0_2024-02-13_setup.zip,Primare USB Audio v5.68.0 setup (2024-02-13),primare.net,https://primare.net/wp-content/uploads/2024/05/Primare_USBAudio_v5.68.0_2024-02-13_setup.zip,Missing
PRIMARE,I25,Integrated Amplifiers,User Guide,EN,,I25 Integrated Amplifier User Guide,primare.net,https://primare.net/user-guides/i25-integrated-amplifier-user-guide/,Missing
PRIMARE,I25,Integrated Amplifiers,User Guide,EN,I25-User-Guide-20180711.pdf,I25 User Guide (2018-07-11),primare.net,https://primare.net/wp-content/uploads/2018/09/I25-User-Guide-20180711.pdf,Missing
PRIMARE,I25,Integrated Amplifiers,Dimensional Drawing,EN,I25-outside-dimensions-drawing.pdf,I25 outside dimensions drawing,primare.net,https://primare.net/wp-content/uploads/2024/12/I25-outside-dimensions-drawing.pdf,Missing
PRIMARE,I25 DAC,Integrated Amplifiers,User Guide,EN,,I25 DAC Integrated Amplifier User Guide,primare.net,https://primare.net/user-guides/i25-dac-integrated-amplifier-user-guide/,Missing
PRIMARE,I25 DAC,Integrated Amplifiers,User Guide,EN,I25-DAC-User-Guide-20180711.pdf,I25 DAC User Guide (2018-07-11),primare.net,https://primare.net/wp-content/uploads/2018/09/I25-DAC-User-Guide-20180711.pdf,Missing
PRIMARE,I25 DAC,Integrated Amplifiers,Design Brief,EN,I25-I25-DAC-Design-Brief-01052018.pdf,I25 / I25 DAC Design Brief 01052018,primare.net,https://primare.net/wp-content/uploads/2018/05/I25-I25-DAC-Design-Brief-01052018.pdf,Missing
PRIMARE,I25 Prisma DM36,Integrated Amplifiers,User Guide,EN,,I25 Prisma Integrated Amplifier User Guide,primare.net,https://primare.net/user-guides/i25-prisma-integrated-amplifier-user-guide/,Missing
PRIMARE,I25 Prisma DM36,Integrated Amplifiers,User Guide,EN,I25-Prisma-User-Guide-20180711.pdf,I25 Prisma User Guide (2018-07-11),primare.net,https://primare.net/wp-content/uploads/2018/09/I25-Prisma-User-Guide-20180711.pdf,Missing
PRIMARE,I25 Prisma DM36,Integrated Amplifiers,Design Brief,EN,Primare-I25-DM36-Modular-Integrated-Amplifier-Platform-Design-Brief.pdf,Primare I25 DM36 Modular Integrated Amplifier Platform Design Brief,primare.net,https://primare.net/wp-content/uploads/2022/01/Primare-I25-DM36-Modular-Integrated-Amplifier-Platform-Design-Brief.pdf,Missing
PRIMARE,I25 Prisma DM36,Integrated Amplifiers,Design Brief,EN,I25-Prisma-Design-Brief-01052018.pdf,I25 Prisma Design Brief 01052018,primare.net,https://primare.net/wp-content/uploads/2018/05/I25-Prisma-Design-Brief-01052018.pdf,Missing
PRIMARE,I25 Prisma DM36,Integrated Amplifiers,Dimensional Drawing,EN,I25_Prisma-outside-dimensions-drawing.pdf,I25 Prisma outside dimensions drawing,primare.net,https://primare.net/wp-content/uploads/2024/12/I25_Prisma-outside-dimensions-drawing.pdf,Missing
PRIMARE,I35,Integrated Amplifiers,User Guide,EN,,I35 Integrated Amplifier User Guide,primare.net,https://primare.net/user-guides/i35-integrated-amplifier-user-guide/,Missing
PRIMARE,I35,Integrated Amplifiers,User Guide,EN,I35-User-Guide-20180711.pdf,I35 User Guide (2018-07-11),primare.net,https://primare.net/wp-content/uploads/2018/09/I35-User-Guide-20180711.pdf,Missing
PRIMARE,I35,Integrated Amplifiers,Dimensional Drawing,EN,I35-outside-dimensions-drawing.pdf,I35 outside dimensions drawing,primare.net,https://primare.net/wp-content/uploads/2024/12/I35-outside-dimensions-drawing.pdf,Missing
PRIMARE,I35,Integrated Amplifiers,Technical Specification,EN,I35-RS232-Command-list-2021-01-25.pdf,I35 RS232 Command list 2021-01-25,primare.net,https://primare.net/wp-content/uploads/2021/01/I35-RS232-Command-list-2021-01-25.pdf,Missing
PRIMARE,I35 DAC,Integrated Amplifiers,User Guide,EN,,I35 DAC Integrated Amplifier User Guide,primare.net,https://primare.net/user-guides/i35-dac-integrated-amplifier-user-guide/,Missing
PRIMARE,I35 DAC,Integrated Amplifiers,Design Brief,EN,I35-I35-DAC-Design-Brief.pdf,I35 DAC Design Brief,primare.net,https://primare.net/wp-content/uploads/2018/05/I35-I35-DAC-Design-Brief.pdf,Missing
PRIMARE,I35 Prisma DM36,Integrated Amplifiers,User Guide,EN,,I35 Prisma Integrated Amplifier User Guide,primare.net,https://primare.net/user-guides/i35-prisma-integrated-amplifier-user-guide/,Missing
PRIMARE,I35 Prisma DM36,Integrated Amplifiers,User Guide,EN,I35-Prisma-User-Guide-V2.pdf,I35 Prisma User Guide V2,primare.net,https://primare.net/wp-content/uploads/2018/05/I35-Prisma-User-Guide-V2.pdf,Missing
PRIMARE,I35 Prisma DM36,Integrated Amplifiers,User Guide,EN,I35-Prisma-User-Guide-20180711.pdf,I35 Prisma User Guide (2018-07-11),primare.net,https://primare.net/wp-content/uploads/2018/09/I35-Prisma-User-Guide-20180711.pdf,Missing
PRIMARE,I35 Prisma DM36,Integrated Amplifiers,Design Brief,EN,Primare-I35-DM36-Modular-Integrated-Amplifier-Platform-Design-Brief.pdf,Primare I35 DM36 Modular Integrated Amplifier Platform Design Brief,primare.net,https://primare.net/wp-content/uploads/2022/01/Primare-I35-DM36-Modular-Integrated-Amplifier-Platform-Design-Brief.pdf,Missing
PRIMARE,I35 Prisma DM36,Integrated Amplifiers,Design Brief,EN,I35-Prisma-Design-Brief-01112017.pdf,I35 Prisma Design Brief 01112017,primare.net,https://primare.net/wp-content/uploads/2018/05/I35-Prisma-Design-Brief-01112017.pdf,Missing
PRIMARE,I35 Prisma DM36,Integrated Amplifiers,Dimensional Drawing,EN,I35_Prisma-outside-dimensions-drawing.pdf,I35 Prisma outside dimensions drawing,primare.net,https://primare.net/wp-content/uploads/2024/12/I35_Prisma-outside-dimensions-drawing.pdf,Missing
PRIMARE,PRE35,Preamplifiers,User Guide,EN,,PRE35 Preamplifier User Guide,primare.net,https://primare.net/user-guides/pre35-preamplifier-user-guide/,Missing
PRIMARE,PRE35,Preamplifiers,User Guide,EN,PRE35-User-Guide.pdf,PRE35 User Guide,primare.net,https://primare.net/wp-content/uploads/2019/02/PRE35-User-Guide.pdf,Missing
PRIMARE,PRE35,Preamplifiers,Dimensional Drawing,EN,PRE35-outside-dimensions-drawing.pdf,PRE35 outside dimensions drawing,primare.net,https://primare.net/wp-content/uploads/2024/12/PRE35-outside-dimensions-drawing.pdf,Missing
PRIMARE,PRE35 DAC,Preamplifiers,User Guide,EN,,PRE35 DAC Preamplifier User Guide,primare.net,https://primare.net/user-guides/pre35-dac-preamplifier-user-guide/,Missing
PRIMARE,PRE35 DAC,Preamplifiers,User Guide,EN,PRE35-DAC-User-Guide.pdf,PRE35 DAC User Guide,primare.net,https://primare.net/wp-content/uploads/2019/02/PRE35-DAC-User-Guide.pdf,Missing
PRIMARE,PRE35 Prisma DM36,Preamplifiers,User Guide,EN,,PRE35 Prisma Preamplifier User Guide,primare.net,https://primare.net/user-guides/pre35-prisma-preamplifier-user-guide/,Missing
PRIMARE,PRE35 Prisma DM36,Preamplifiers,User Guide,EN,PRE35-Prisma-User-Guide.pdf,PRE35 Prisma User Guide,primare.net,https://primare.net/wp-content/uploads/2019/02/PRE35-Prisma-User-Guide.pdf,Missing
PRIMARE,PRE35 Prisma DM36,Preamplifiers,Design Brief,EN,Primare-PRE35-DM36-Modular-Preamplifier-Platform-Design-Brief.pdf,Primare PRE35 DM36 Modular Preamplifier Platform Design Brief,primare.net,https://primare.net/wp-content/uploads/2022/01/Primare-PRE35-DM36-Modular-Preamplifier-Platform-Design-Brief.pdf,Missing
PRIMARE,PRE35 Prisma DM36,Preamplifiers,Design Brief,EN,Primare-PRE35-Prisma-Design-Brief-01022022.pdf,Primare PRE35 Prisma Design Brief 01022022,primare.net,https://primare.net/wp-content/uploads/2022/01/Primare-PRE35-Prisma-Design-Brief-01022022.pdf,Missing
PRIMARE,PRE35 Prisma DM36,Preamplifiers,Dimensional Drawing,EN,PRE35_Prisma-outside-dimensions-drawing.pdf,PRE35 Prisma outside dimensions drawing,primare.net,https://primare.net/wp-content/uploads/2024/12/PRE35_Prisma-outside-dimensions-drawing.pdf,Missing
PRIMARE,PRE35 Prisma DM36,Preamplifiers,User Guide,EN,WiSA-User-Guide-Update-2.pdf,WiSA User Guide V2 (PRE35 / SC15),primare.net,https://primare.net/wp-content/uploads/2020/07/WiSA-User-Guide-Update-2.pdf,Missing
PRIMARE,SC15 Prisma MK2,Preamplifiers,User Guide,EN,,SC15 Prisma MK2 System Control Center User Guide,primare.net,https://primare.net/user-guides/sc15-prisma-mk2-system-control-center-user-guide/,Missing
PRIMARE,SC15 Prisma MK2,Preamplifiers,User Guide,EN,SC15-Prisma-User-Guide-20180711.pdf,SC15 Prisma User Guide (2018-07-11),primare.net,https://primare.net/wp-content/uploads/2018/09/SC15-Prisma-User-Guide-20180711.pdf,Missing
PRIMARE,SC15 Prisma MK2,Preamplifiers,Design Brief,EN,SC15-Prisma-MK2-Design-Brief.pdf,SC15 Prisma MK2 Design Brief,primare.net,https://primare.net/wp-content/uploads/2022/01/SC15-Prisma-MK2-Design-Brief.pdf,Missing
PRIMARE,SC15 Prisma MK2,Preamplifiers,Design Brief,EN,SC15-Prisma-Design-Brief-01022022.pdf,SC15 Prisma Design Brief 01022022,primare.net,https://primare.net/wp-content/uploads/2022/01/SC15-Prisma-Design-Brief-01022022.pdf,Missing
PRIMARE,SC15 Prisma MK2,Preamplifiers,Dimensional Drawing,EN,SC15_Prisma-outside-dimensions-drawing.pdf,SC15 Prisma outside dimensions drawing,primare.net,https://primare.net/wp-content/uploads/2022/01/SC15_Prisma-outside-dimensions-drawing.pdf,Missing
PRIMARE,SC15 Prisma MK2,Preamplifiers,Technical Specification,EN,SC15-RS232-Command-list-official-2018-11-20.pdf,SC15 RS232 Command list 2018-11-20,primare.net,https://primare.net/wp-content/uploads/2019/01/SC15-RS232-Command-list-official-2018-11-20.pdf,Missing
PRIMARE,A35.2,Power Amplifiers,User Guide,EN,,A35.2 Stereo Amplifier User Guide,primare.net,https://primare.net/user-guides/a35-2-stereo-amplifier-user-guide/,Missing
PRIMARE,A35.2,Power Amplifiers,Design Brief,EN,Primare-A35.2-Design-Brief.pdf,Primare A35.2 Design Brief,primare.net,https://primare.net/wp-content/uploads/2022/01/Primare-A35.2-Design-Brief.pdf,Missing
PRIMARE,A35.2,Power Amplifiers,Technical Specification,EN,A35.2-RS232-Command-list-2023-06-01.pdf,A35.2 RS232 Command list 2023-06-01,primare.net,https://primare.net/wp-content/uploads/2022/04/A35.2-RS232-Command-list-2023-06-01.pdf,Missing
PRIMARE,A35.2,Power Amplifiers,Dimensional Drawing,EN,A35.2-outside-dimensions-drawing.pdf,A35.2 outside dimensions drawing,primare.net,https://primare.net/wp-content/uploads/2024/12/A35.2-outside-dimensions-drawing.pdf,Missing
PRIMARE,A35.8,Power Amplifiers,User Guide,EN,,A35.8 Eight Channel Amplifier User Guide,primare.net,https://primare.net/user-guides/a35-8-stereo-amplifier-user-guide/,Missing
PRIMARE,A35.8,Power Amplifiers,Design Brief,EN,Primare-A35.8-Design-Brief-13052022.pdf,Primare A35.8 Design Brief 13052022,primare.net,https://primare.net/wp-content/uploads/2022/04/Primare-A35.8-Design-Brief-13052022.pdf,Missing
PRIMARE,A35.8,Power Amplifiers,Dimensional Drawing,EN,A35.8-outside-dimensions-drawing.pdf,A35.8 outside dimensions drawing,primare.net,https://primare.net/wp-content/uploads/2024/12/A35.8-outside-dimensions-drawing.pdf,Missing
PRIMARE,Allt-i-Ett,Network Players,User Guide,EN,,Allt-i-Ett User Guide,primare.net,https://primare.net/user-guides/allt-i-ett-user-guide/,Missing
PRIMARE,Allt-i-Ett,Network Players,Design Brief,EN,Allt-i-Ett-Design-Brief-rev.042226.pdf,Allt-i-Ett Design Brief rev.042226,primare.net,https://primare.net/wp-content/uploads/2025/09/Allt-i-Ett-Design-Brief-rev.042226.pdf,Missing
PRIMARE,NP5 Prisma MK2,Network Players,User Guide,EN,,NP5 Prisma MK2 Network Player User Guide,primare.net,https://primare.net/user-guides/np5-prisma-network-player-user-guide/,Missing
PRIMARE,NP5 Prisma MK2,Network Players,Quick Start Guide,EN,Primare-quickguide-np5-v2.pdf,Primare NP5 Quick Start Guide,primare.net,https://primare.net/wp-content/uploads/2020/05/Primare-quickguide-np5-v2.pdf,Missing
PRIMARE,NP5 Prisma MK2,Network Players,Design Brief,EN,NP5-Prisma-MK2-Design-Brief-Rev13022024.pdf,NP5 Prisma MK2 Design Brief Rev13022024,primare.net,https://primare.net/wp-content/uploads/2022/01/NP5-Prisma-MK2-Design-Brief-Rev13022024.pdf,Missing
PRIMARE,NP5 Prisma MK2,Network Players,Dimensional Drawing,EN,NP5_Prisma-outside-dimensions-drawing.pdf,NP5 Prisma outside dimensions drawing,primare.net,https://primare.net/wp-content/uploads/2024/12/NP5_Prisma-outside-dimensions-drawing.pdf,Missing
PRIMARE,NP5 Prisma MK2,Network Players,Technical Specification,EN,NP5-Prisma-MK2-RS232-Command-list-2021-10-04.pdf,NP5 Prisma MK2 RS232 Command list 2021-10-04,primare.net,https://primare.net/wp-content/uploads/2020/08/NP5-Prisma-MK2-RS232-Command-list-2021-10-04.pdf,Missing
PRIMARE,Prisma Platform (shared),Network Players,API Documentation,EN,Primare-Prisma-API-TCPIP-and-RS232-2025-06-13.pdf,Primare API - TCPIP and RS232 (2025-06-13),primare.net,https://primare.net/wp-content/uploads/2022/01/Primare-Prisma-API-TCPIP-and-RS232-2025-06-13.pdf,Missing
PRIMARE,Prisma Platform (shared),Network Players,Firmware Update Tool,EN,Primare-Update-for-Windows.zip,Primare Firmware update tool (Windows),primare.net,https://primare.net/wp-content/uploads/2018/03/Primare-Update-for-Windows.zip,Missing
PRIMARE,Prisma Platform (shared),Network Players,Control Driver,EN,Control4-Primare-Prisma-Stereo-v1-BETA.zip,Control4 driver v1 BETA for Primare Prisma Stereo models,primare.net,https://primare.net/wp-content/uploads/2022/01/Control4-Primare-Prisma-Stereo-v1-BETA.zip,Missing
PRIMARE,Prisma Platform (shared),Network Players,Design Brief,EN,Prisma-Design-Brief-04-11-2020.docx,Prisma Design Brief 04-11-2020,primare.net,https://primare.net/wp-content/uploads/2020/02/Prisma-Design-Brief-04-11-2020.docx,Missing
PRIMARE,CD15 Prisma,CD / Network Players,User Guide,EN,,CD15 Prisma Compact Disc Player User Guide,primare.net,https://primare.net/user-guides/cd15-prisma-compact-disc-player-user-guide/,Missing
PRIMARE,CD15 Prisma,CD / Network Players,Quick Start Guide,EN,Primare-quickguide-chromecastbuiltin-Prisma-15-series-V1.pdf,Prisma 15 Series Chromecast built-in Quick Start Guide,primare.net,https://primare.net/wp-content/uploads/2019/03/Primare-quickguide-chromecastbuiltin-Prisma-15-series-V1.pdf,Missing
PRIMARE,CD15 Prisma,CD / Network Players,Design Brief,EN,CD15-Prisma-Design-Brief-01032019.pdf,CD15 Prisma Design Brief 01032019,primare.net,https://primare.net/wp-content/uploads/2019/03/CD15-Prisma-Design-Brief-01032019.pdf,Missing
PRIMARE,CD15 Prisma,CD / Network Players,Dimensional Drawing,EN,CD15_Prisma-outside-dimensions-drawing.pdf,CD15 Prisma outside dimensions drawing,primare.net,https://primare.net/wp-content/uploads/2022/01/CD15_Prisma-outside-dimensions-drawing.pdf,Missing
PRIMARE,CD15 Prisma,CD / Network Players,Technical Specification,EN,CD15-RS232-Command-list-official-2018-11-12.pdf,CD15 RS232 Command list 2018-11-12,primare.net,https://primare.net/wp-content/uploads/2018/11/CD15-RS232-Command-list-official-2018-11-12.pdf,Missing
PRIMARE,CD35,CD / Network Players,User Guide,EN,,CD35 Compact Disc Player User Guide,primare.net,https://primare.net/user-guides/cd35-compact-disc-player-user-guide/,Missing
PRIMARE,CD35,CD / Network Players,User Guide,EN,CD35-User-Guide-20180711.pdf,CD35 User Guide (2018-07-11),primare.net,https://primare.net/wp-content/uploads/2018/09/CD35-User-Guide-20180711.pdf,Missing
PRIMARE,CD35,CD / Network Players,Design Brief,EN,CD35-Design-Brief-01052018.pdf,CD35 Design Brief 01052018,primare.net,https://primare.net/wp-content/uploads/2018/05/CD35-Design-Brief-01052018.pdf,Missing
PRIMARE,CD35,CD / Network Players,Dimensional Drawing,EN,CD35-outside-dimensions-drawing.pdf,CD35 outside dimensions drawing,primare.net,https://primare.net/wp-content/uploads/2024/12/CD35-outside-dimensions-drawing.pdf,Missing
PRIMARE,CD35,CD / Network Players,Technical Specification,EN,CD35-RS232-Command-list-official-2018-11-12.pdf,CD35 RS232 Command list 2018-11-12,primare.net,https://primare.net/wp-content/uploads/2019/01/CD35-RS232-Command-list-official-2018-11-12.pdf,Missing
PRIMARE,CD35 Prisma,CD / Network Players,User Guide,EN,,CD35 Prisma Compact Disc Player User Guide,primare.net,https://primare.net/user-guides/cd35-prisma-compact-disc-player-user-guide/,Missing
PRIMARE,CD35 Prisma,CD / Network Players,Design Brief,EN,CD35-Prisma-Design-Brief-01052018.pdf,CD35 Prisma Design Brief 01052018,primare.net,https://primare.net/wp-content/uploads/2018/05/CD35-Prisma-Design-Brief-01052018.pdf,Missing
PRIMARE,DD15,CD / Network Players,User Guide,EN,,DD15 Compact Disc Transport User Guide,primare.net,https://primare.net/user-guides/dd15-compact-disc-transport-user-guide/,Missing
PRIMARE,DD15,CD / Network Players,User Guide,EN,DD15-User-Guide-20180711.pdf,DD15 User Guide (2018-07-11),primare.net,https://primare.net/wp-content/uploads/2018/09/DD15-User-Guide-20180711.pdf,Missing
PRIMARE,DD15,CD / Network Players,Design Brief,EN,DD15-Design-Brief-01052018.pdf,DD15 Design Brief 01052018,primare.net,https://primare.net/wp-content/uploads/2018/05/DD15-Design-Brief-01052018.pdf,Missing
PRIMARE,DD15,CD / Network Players,Technical Specification,EN,DD15-RS232-Command-list-official-rev1.2-2018-10-30.pdf,DD15 RS232 Command list rev1.2 2018-10-30,primare.net,https://primare.net/wp-content/uploads/2018/11/DD15-RS232-Command-list-official-rev1.2-2018-10-30.pdf,Missing
PRIMARE,DD15,CD / Network Players,Dimensional Drawing,EN,DD15-outside-dimensions-drawing.pdf,DD15 outside dimensions drawing,primare.net,https://primare.net/wp-content/uploads/2022/01/DD15-outside-dimensions-drawing.pdf,Missing
PRIMARE,DD35,CD / Network Players,User Guide,EN,,DD35 Compact Disc Transport User Guide,primare.net,https://primare.net/user-guides/dd35-compact-disc-transport-user-guide/,Missing
PRIMARE,DD35,CD / Network Players,User Guide,EN,DD35-User-Guide-20180711.pdf,DD35 User Guide (2018-07-11),primare.net,https://primare.net/wp-content/uploads/2018/09/DD35-User-Guide-20180711.pdf,Missing
PRIMARE,DD35,CD / Network Players,Design Brief,EN,DD35-Design-Brief-01052018.pdf,DD35 Design Brief 01052018,primare.net,https://primare.net/wp-content/uploads/2018/05/DD35-Design-Brief-01052018.pdf,Missing
PRIMARE,DD35,CD / Network Players,Technical Specification,EN,DD35-RS232-Command-list-official-rev1.1-2018-10-30.pdf,DD35 RS232 Command list rev1.1 2018-10-30,primare.net,https://primare.net/wp-content/uploads/2019/01/DD35-RS232-Command-list-official-rev1.1-2018-10-30.pdf,Missing
PRIMARE,DD35,CD / Network Players,Dimensional Drawing,EN,DD35-outside-dimensions-drawing.pdf,DD35 outside dimensions drawing,primare.net,https://primare.net/wp-content/uploads/2024/12/DD35-outside-dimensions-drawing.pdf,Missing
PRIMARE,R15,Phono Preamplifiers,User Guide,EN,,R15 Phono Preamplifier User Guide,primare.net,https://primare.net/user-guides/r15-phono-preamplifier-user-guide/,Missing
PRIMARE,R15,Phono Preamplifiers,Specifications,EN,Primare-R15-Preliminary-Specifications.pdf,Primare R15 Preliminary Specifications,primare.net,https://primare.net/wp-content/uploads/2019/03/Primare-R15-Preliminary-Specifications.pdf,Missing
PRIMARE,R35,Phono Preamplifiers,User Guide,EN,,R35 Phono Preamplifier User Guide,primare.net,https://primare.net/user-guides/r35-phono-preamplifier-user-guide/,Missing
PRIMARE,R35,Phono Preamplifiers,Specifications,EN,Primare-R35-Preliminary-Specifications.pdf,Primare R35 Preliminary Specifications,primare.net,https://primare.net/wp-content/uploads/2019/03/Primare-R35-Preliminary-Specifications.pdf,Missing
PRIMARE,SP25 Prisma,Home Cinema,User Guide,EN,,SP25 Prisma User Guide,primare.net,https://primare.net/user-guides/sp25-prisma-user-guide/,Missing
PRIMARE,SP25 Prisma,Home Cinema,Instructions,EN,SPA25-SP25-Prisma-Dirac-Live-Updating-Instructions-.pdf,SPA25/SP25 Prisma Dirac Live Updating Instructions,primare.net,https://primare.net/wp-content/uploads/2022/09/SPA25-SP25-Prisma-Dirac-Live-Updating-Instructions-.pdf,Missing
PRIMARE,SP25 Prisma,Home Cinema,Quick Start Guide,EN,Primare-quickguide-chromecastbuiltin-V14b.pdf,Prisma 25 and 35 Series Chromecast built-in Quick Start Guide,primare.net,https://primare.net/wp-content/uploads/2019/03/Primare-quickguide-chromecastbuiltin-V14b.pdf,Missing
PRIMARE,SP25 Prisma,Home Cinema,Specifications,EN,SPA25-and-SP25-Prisma-HDMI-and-Video-Resolution-Specifications.pdf,SPA25 and SP25 Prisma HDMI and Video Resolution Specifications,primare.net,https://primare.net/wp-content/uploads/2022/09/SPA25-and-SP25-Prisma-HDMI-and-Video-Resolution-Specifications.pdf,Missing
PRIMARE,SP25 Prisma,Home Cinema,Dimensional Drawing,EN,SP25_Prisma-outside-dimensions-drawing.pdf,SP25 Prisma outside dimensions drawing,primare.net,https://primare.net/wp-content/uploads/2024/12/SP25_Prisma-outside-dimensions-drawing.pdf,Missing
PRIMARE,SP25 Prisma,Home Cinema,Design Brief,EN,Primare-SP25-Prisma-Design-Brief.pdf,Primare SP25 Prisma Design Brief,primare.net,https://primare.net/wp-content/uploads/2022/12/Primare-SP25-Prisma-Design-Brief.pdf,Missing
PRIMARE,SP25 Prisma,Home Cinema,Firmware,EN,sp25-Dirac-2.1.18.zip,Dirac firmware for SP25 Prisma v2.1.18,primare.net,https://primare.net/wp-content/uploads/2022/12/sp25-Dirac-2.1.18.zip,Missing
PRIMARE,SP25 Prisma,Home Cinema,Firmware,EN,sp25-Dirac-2.1.19.zip,Dirac firmware for SP25 Prisma v2.1.19,primare.net,https://primare.net/wp-content/uploads/2022/12/sp25-Dirac-2.1.19.zip,Missing
PRIMARE,SP25 Prisma,Home Cinema,Control Driver,EN,Nice-ELAN-Primare-SPA25-SP25-v1.0.zip,Nice-ELAN driver for SPA25 & SP25 v1.0,primare.net,https://primare.net/wp-content/uploads/2022/09/Nice-ELAN-Primare-SPA25-SP25-v1.0.zip,Missing
PRIMARE,SP25 Prisma,Home Cinema,Control Driver,EN,Crestronhome-Primare-SPA25-SP25-v1.0.0.zip,Crestron Home driver for SPA25 & SP25 v1.0.0,primare.net,https://primare.net/wp-content/uploads/2022/09/Crestronhome-Primare-SPA25-SP25-v1.0.0.zip,Missing
PRIMARE,SP25 Prisma,Home Cinema,Control Driver,EN,Control4-Primare-SPA25-SP25-v10.zip,Control4 driver for SPA25 & SP25 v10,primare.net,https://primare.net/wp-content/uploads/2022/09/Control4-Primare-SPA25-SP25-v10.zip,Missing
PRIMARE,SPA25 Prisma,Home Cinema,User Guide,EN,,SPA25 Prisma User Guide,primare.net,https://primare.net/user-guides/spa25-prisma-user-guide/,Missing
PRIMARE,SPA25 Prisma,Home Cinema,Design Brief,EN,Primare-SPA25-Prisma-Design-Brief.pdf,Primare SPA25 Prisma Design Brief,primare.net,https://primare.net/wp-content/uploads/2022/09/Primare-SPA25-Prisma-Design-Brief.pdf,Missing
PRIMARE,SPA25 Prisma,Home Cinema,Dimensional Drawing,EN,SPA25_Prisma-outside-dimensions-drawing.pdf,SPA25 Prisma outside dimensions drawing,primare.net,https://primare.net/wp-content/uploads/2024/12/SPA25_Prisma-outside-dimensions-drawing.pdf,Missing
PRIMARE,SPA25 Prisma,Home Cinema,Change Log,EN,Primare-SPA25-Prisma-and-Dirac-Change-Log-24-08-23-.docx,SPA25 Prisma and Dirac Change Log 24-08-23,primare.net,https://primare.net/wp-content/uploads/2022/09/Primare-SPA25-Prisma-and-Dirac-Change-Log-24-08-23-.docx,Missing
PRIMARE,SPA25 Prisma,Home Cinema,Firmware,EN,spa25-Dirac-2.1.17.zip,Dirac firmware for SPA25 v2.1.17,primare.net,https://primare.net/wp-content/uploads/2022/09/spa25-Dirac-2.1.17.zip,Missing
PRIMARE,SPA25 Prisma,Home Cinema,Firmware,EN,spa25-Dirac-v2.1.18.zip,Dirac firmware for SPA25 v2.1.18,primare.net,https://primare.net/wp-content/uploads/2022/09/spa25-Dirac-v2.1.18.zip,Missing
PRIMARE,DM36 DAC Module,"Modules, Remotes & Accessories",Design Brief,EN,DM36-DAC-Module-Design-Brief.pdf,DM36 DAC Module Design Brief,primare.net,https://primare.net/wp-content/uploads/2023/05/DM36-DAC-Module-Design-Brief.pdf,Missing
PRIMARE,DM36 DAC Module,"Modules, Remotes & Accessories",Driver,EN,Primare_USBAudio_v5.30.0_2021-12-08_setup.exe_.zip,Primare USB Audio v5.30.0 setup (2021-12-08),primare.net,https://primare.net/wp-content/uploads/2021/06/Primare_USBAudio_v5.30.0_2021-12-08_setup.exe_.zip,Missing
PRIMARE,MM15 Phono Module,"Modules, Remotes & Accessories",Installation Instructions,EN,,MM15 Moving Magnet Preamplifier Module Installation Instructions,primare.net,https://primare.net/user-guides/mm15-moving-magnet-preamplifier-module-installation-instructions/,Missing
PRIMARE,SM35 Prisma Module,"Modules, Remotes & Accessories",Installation Instructions,EN,,SM35 Prisma Network Player Module Installation Instructions,primare.net,https://primare.net/user-guides/sm35-prisma-network-player-module-installation-instructions/,Missing
PRIMARE,PRISMA Remote,"Modules, Remotes & Accessories",User Guide,EN,,PRISMA Remote User Guide,primare.net,https://primare.net/user-guides/prisma-remote-user-guide/,Missing
PRIMARE,PRISMA Remote,"Modules, Remotes & Accessories",Support Document,EN,,PRISMA Remote Product Support,primare.net,https://primare.net/user-guides/prisma-remote-product-support/,Missing
PRIMARE,PRISMA Remote,"Modules, Remotes & Accessories",Design Brief,EN,PRISMA-Remote-Design-Brief.pdf,PRISMA Remote Design Brief,primare.net,https://primare.net/wp-content/uploads/2022/12/PRISMA-Remote-Design-Brief.pdf,Missing
PRIMARE,PRISMA Remote,"Modules, Remotes & Accessories",Reference List,EN,PRISMA-Remote-TV-Brand-List.pdf,PRISMA Remote TV Brand List,primare.net,https://primare.net/wp-content/uploads/2022/12/PRISMA-Remote-TV-Brand-List.pdf,Missing
PRIMARE,C24 Remote,"Modules, Remotes & Accessories",User Guide,EN,C24-User-Guide.pdf,C24 User Guide,primare.net,https://primare.net/wp-content/uploads/2025/10/C24-User-Guide.pdf,Missing
PRIMARE,Zen Microphone,"Modules, Remotes & Accessories",User Guide,EN,Zen-Wireless-Microphone-User-Guide.pdf,Zen Wireless Microphone User Guide,primare.net,https://primare.net/wp-content/uploads/2023/11/Zen-Wireless-Microphone-User-Guide.pdf,Missing
PRIMARE,19-inch Rack Mount,"Modules, Remotes & Accessories",Installation Instructions,EN,Primare-Rack-Mount-Installation-Instructions.pdf,Primare Rack Mount Installation Instructions,primare.net,https://primare.net/wp-content/uploads/2024/12/Primare-Rack-Mount-Installation-Instructions.pdf,Missing
PRIMARE,Prisma (general / Chromecast),"Modules, Remotes & Accessories",Promotional Material,EN,prisma-chromecast-tidal-voucher-a5-landscape-V4b.pdf,Prisma Chromecast built-in TIDAL HiFi Voucher,primare.net,https://primare.net/wp-content/uploads/2017/07/prisma-chromecast-tidal-voucher-a5-landscape-V4b.pdf,Missing
PRIMARE,CD21 (legacy),Legacy - CD Players,User Manual,EN,CD21-User-manual.pdf,CD21 User Manual,primare.net,https://primare.net/wp-content/uploads/2022/02/CD21-User-manual.pdf,Missing
PRIMARE,CD21 (legacy),Legacy - CD Players,White Paper,EN,CD21-Tech-paper.pdf,CD21 Tech Paper,primare.net,https://primare.net/wp-content/uploads/2022/02/CD21-Tech-paper.pdf,Missing
PRIMARE,CD22 (legacy),Legacy - CD Players,User Guide,EN,CD22UserGuide.pdf,CD22 User Guide,primare.net,https://primare.net/wp-content/uploads/2017/06/CD22UserGuide.pdf,Missing
PRIMARE,CD22 (legacy),Legacy - CD Players,User Guide,DE,CD22UserGuide-German.pdf,CD22 User Guide (German),primare.net,https://primare.net/wp-content/uploads/2017/06/CD22UserGuide-German.pdf,Missing
PRIMARE,CD22 (legacy),Legacy - CD Players,User Guide,FR,CD22UserGuide-French.pdf,CD22 User Guide (French),primare.net,https://primare.net/wp-content/uploads/2017/06/CD22UserGuide-French.pdf,Missing
PRIMARE,CD22 (legacy),Legacy - CD Players,User Guide,ES,CD22UserGuide-Spanish.pdf,CD22 User Guide (Spanish),primare.net,https://primare.net/wp-content/uploads/2017/06/CD22UserGuide-Spanish.pdf,Missing
PRIMARE,CD22 (legacy),Legacy - CD Players,User Guide,NL,CD22UserGuide-Dutch.pdf,CD22 User Guide (Dutch),primare.net,https://primare.net/wp-content/uploads/2017/06/CD22UserGuide-Dutch.pdf,Missing
PRIMARE,CD22 (legacy),Legacy - CD Players,User Guide,RU,CD22UserGuide-Russian.pdf,CD22 User Guide (Russian),primare.net,https://primare.net/wp-content/uploads/2017/06/CD22UserGuide-Russian.pdf,Missing
PRIMARE,CD22 (legacy),Legacy - CD Players,User Guide,ZH,CD22UserGuide-Chinese.pdf,CD22 User Guide (Chinese),primare.net,https://primare.net/wp-content/uploads/2017/06/CD22UserGuide-Chinese.pdf,Missing
PRIMARE,CD31 (legacy),Legacy - CD Players,User Manual,EN,CD31-user-manual.pdf,CD31 User Manual,primare.net,https://primare.net/wp-content/uploads/2017/06/CD31-user-manual.pdf,Missing
PRIMARE,CD31 (legacy),Legacy - CD Players,White Paper,EN,CD31-Tech-paper.pdf,CD31 Tech Paper,primare.net,https://primare.net/wp-content/uploads/2017/06/CD31-Tech-paper.pdf,Missing
PRIMARE,CD32 (legacy),Legacy - CD Players,User Guide,EN,CD32-User-Guide.pdf,CD32 User Guide,primare.net,https://primare.net/wp-content/uploads/2017/06/CD32-User-Guide.pdf,Missing
PRIMARE,CD32 (legacy),Legacy - CD Players,Design Brief,EN,CD32-Design-Brief.pdf,CD32 Design Brief,primare.net,https://primare.net/wp-content/uploads/2017/06/CD32-Design-Brief.pdf,Missing
PRIMARE,D20 (legacy),Legacy - CD Players,User Guide,EN,D20-User-guide.pdf,D20 User Guide,primare.net,https://primare.net/wp-content/uploads/2017/06/D20-User-guide.pdf,Missing
PRIMARE,D30.2 (legacy),Legacy - CD Players,User Manual,EN,D30.2-User-manual.pdf,D30.2 User Manual,primare.net,https://primare.net/wp-content/uploads/2017/06/D30.2-User-manual.pdf,Missing
PRIMARE,DAC30 (legacy),Legacy - DACs,User Guide,EN,DAC30-User-guide.pdf,DAC30 User Guide,primare.net,https://primare.net/wp-content/uploads/2017/06/DAC30-User-guide.pdf,Missing
PRIMARE,DAC30 (legacy),Legacy - DACs,Technical Specification,EN,DAC30-RC5-Commands-2013-08-27.pdf,DAC30 RC5 Commands 2013-08-27,primare.net,https://primare.net/wp-content/uploads/2017/06/DAC30-RC5-Commands-2013-08-27.pdf,Missing
PRIMARE,DAC30 (legacy),Legacy - DACs,Brochure,EN,DAC30-Product-flyer.pdf,DAC30 Product Flyer,primare.net,https://primare.net/wp-content/uploads/2017/06/DAC30-Product-flyer.pdf,Missing
PRIMARE,DAC30 (legacy),Legacy - DACs,Design Brief,EN,DAC30-Design-Brief.pdf,DAC30 Design Brief,primare.net,https://primare.net/wp-content/uploads/2017/06/DAC30-Design-Brief.pdf,Missing
PRIMARE,DAC30 (legacy),Legacy - DACs,Control Driver,EN,DAC30-C24_Pronto_v1.0_MEDIA_1.pdf,DAC30 C24 Pronto v1.0,primare.net,https://primare.net/wp-content/uploads/2017/06/DAC30-C24_Pronto_v1.0_MEDIA_1.pdf,Missing
PRIMARE,DAC30 (legacy),Legacy - DACs,Driver,EN,Primare-USB-Audio-driver-v4.38.0.zip,Primare USB PC Audio driver v4.38.0,primare.net,https://primare.net/wp-content/uploads/2018/01/Primare-USB-Audio-driver-v4.38.0.zip,Missing
PRIMARE,DM35 (legacy),Legacy - DACs,User Guide,EN,DM35-User-Guide-20180711.pdf,DM35 User Guide (2018-07-11),primare.net,https://primare.net/wp-content/uploads/2018/09/DM35-User-Guide-20180711.pdf,Missing
PRIMARE,MM30 (legacy),Legacy - Network Players,Design Brief,EN,MM30-Design-Brief.pdf,MM30 Design Brief,primare.net,https://primare.net/wp-content/uploads/2017/06/MM30-Design-Brief.pdf,Missing
PRIMARE,MM30 (legacy),Legacy - Network Players,Guide,EN,Primare-App-iOS_2-1.pdf,Primare App iOS,primare.net,https://primare.net/wp-content/uploads/2017/06/Primare-App-iOS_2-1.pdf,Missing
PRIMARE,MM30 (legacy),Legacy - Network Players,Guide,EN,Primare-App-Android.pdf,Primare App Android,primare.net,https://primare.net/wp-content/uploads/2017/06/Primare-App-Android.pdf,Missing
PRIMARE,MM30 (legacy),Legacy - Network Players,Guide,EN,Internet-Radio-with-Primare.pdf,Internet Radio with Primare,primare.net,https://primare.net/wp-content/uploads/2017/06/Internet-Radio-with-Primare.pdf,Missing
PRIMARE,MM30 (legacy),Legacy - Network Players,Software,EN,Primare-App-v1.1.35.zip,Primare App v1.1.35 for Android,primare.net,https://primare.net/wp-content/uploads/2022/02/Primare-App-v1.1.35.zip,Missing
PRIMARE,NP30 (legacy),Legacy - Network Players,User Guide,EN,NP30-User-Guide.pdf,NP30 User Guide,primare.net,https://primare.net/wp-content/uploads/2017/06/NP30-User-Guide.pdf,Missing
PRIMARE,NP30 (legacy),Legacy - Network Players,Design Brief,EN,NP30-Design-Brief.pdf,NP30 Design Brief,primare.net,https://primare.net/wp-content/uploads/2017/06/NP30-Design-Brief.pdf,Missing
PRIMARE,NP30 (legacy),Legacy - Network Players,Guide,EN,Primare-App-iOS_2.pdf,Primare App iOS,primare.net,https://primare.net/wp-content/uploads/2017/06/Primare-App-iOS_2.pdf,Missing
PRIMARE,NP30 (legacy),Legacy - Network Players,Software,EN,NetworkSettingGenerator.zip,Network Setting Generator,primare.net,https://primare.net/wp-content/uploads/2018/02/NetworkSettingGenerator.zip,Missing
PRIMARE,NP30 (legacy),Legacy - Network Players,Guide,EN,Alternate-APP-and-AIR-Control-Applications-Update.pdf,Alternate APP and AIR Control Applications Update,primare.net,https://primare.net/wp-content/uploads/2021/10/Alternate-APP-and-AIR-Control-Applications-Update.pdf,Missing
PRIMARE,R20 (legacy),Legacy - Phono Stages,User Manual,EN,R20-user-manual.pdf,R20 User Manual,primare.net,https://primare.net/wp-content/uploads/2017/06/R20-user-manual.pdf,Missing
PRIMARE,R20 (legacy),Legacy - Phono Stages,White Paper,EN,R20-Tech-paper.pdf,R20 Tech Paper,primare.net,https://primare.net/wp-content/uploads/2017/06/R20-Tech-paper.pdf,Missing
PRIMARE,R32 (legacy),Legacy - Phono Stages,User Guide,EN,R32UserGuide.pdf,R32 User Guide,primare.net,https://primare.net/wp-content/uploads/2017/06/R32UserGuide.pdf,Missing
PRIMARE,R32 (legacy),Legacy - Phono Stages,User Guide,FR,R32UserGuide_French.pdf,R32 User Guide (French),primare.net,https://primare.net/wp-content/uploads/2017/06/R32UserGuide_French.pdf,Missing
PRIMARE,R32 (legacy),Legacy - Phono Stages,User Guide,DE,R32_UserGuide_German.pdf,R32 User Guide (German),primare.net,https://primare.net/wp-content/uploads/2017/06/R32_UserGuide_German.pdf,Missing
PRIMARE,R32 (legacy),Legacy - Phono Stages,User Guide,RU,R32_User_Guide_Russian.pdf,R32 User Guide (Russian),primare.net,https://primare.net/wp-content/uploads/2017/06/R32_User_Guide_Russian.pdf,Missing
PRIMARE,R32 (legacy),Legacy - Phono Stages,User Guide,NL,R32_User_Guide_Dutch.pdf,R32 User Guide (Dutch),primare.net,https://primare.net/wp-content/uploads/2017/06/R32_User_Guide_Dutch.pdf,Missing
PRIMARE,R32 (legacy),Legacy - Phono Stages,User Guide,ZH,R32_User_Guide_Chinese.pdf,R32 User Guide (Chinese),primare.net,https://primare.net/wp-content/uploads/2017/06/R32_User_Guide_Chinese.pdf,Missing
PRIMARE,R32 (legacy),Legacy - Phono Stages,User Guide,ES,R32UserGuide_Spanish.pdf,R32 User Guide (Spanish),primare.net,https://primare.net/wp-content/uploads/2017/06/R32UserGuide_Spanish.pdf,Missing
PRIMARE,R32 (legacy),Legacy - Phono Stages,Design Brief,EN,R32-DesignBrief_1.pdf,R32 Design Brief,primare.net,https://primare.net/wp-content/uploads/2017/06/R32-DesignBrief_1.pdf,Missing
PRIMARE,R32 (legacy),Legacy - Phono Stages,Brochure,EN,R32ProductFlyer.pdf,R32 Product Flyer,primare.net,https://primare.net/wp-content/uploads/2017/06/R32ProductFlyer.pdf,Missing
PRIMARE,R32 (legacy),Legacy - Phono Stages,Brochure,DE,R32_Productflyer_German.pdf,R32 Product Flyer (German),primare.net,https://primare.net/wp-content/uploads/2017/06/R32_Productflyer_German.pdf,Missing
PRIMARE,R32 (legacy),Legacy - Phono Stages,Brochure,FR,R32_Productflyer_French.pdf,R32 Product Flyer (French),primare.net,https://primare.net/wp-content/uploads/2017/06/R32_Productflyer_French.pdf,Missing
PRIMARE,R32 (legacy),Legacy - Phono Stages,Brochure,ES,R32_Productflyer_Spanish.pdf,R32 Product Flyer (Spanish),primare.net,https://primare.net/wp-content/uploads/2017/06/R32_Productflyer_Spanish.pdf,Missing
PRIMARE,R32 (legacy),Legacy - Phono Stages,Brochure,RU,R32_productflyer_Russian.pdf,R32 Product Flyer (Russian),primare.net,https://primare.net/wp-content/uploads/2017/06/R32_productflyer_Russian.pdf,Missing
PRIMARE,R32 (legacy),Legacy - Phono Stages,Brochure,NL,R32_productflyer_Dutch.pdf,R32 Product Flyer (Dutch),primare.net,https://primare.net/wp-content/uploads/2017/06/R32_productflyer_Dutch.pdf,Missing
PRIMARE,R32 (legacy),Legacy - Phono Stages,Brochure,ZH,R32_Productflyer_Chinese.pdf,R32 Product Flyer (Chinese),primare.net,https://primare.net/wp-content/uploads/2017/06/R32_Productflyer_Chinese.pdf,Missing
PRIMARE,T20 (legacy),Legacy - Tuners,User Manual,EN,T20-user-manual.pdf,T20 User Manual,primare.net,https://primare.net/wp-content/uploads/2017/06/T20-user-manual.pdf,Missing
PRIMARE,T21 (legacy),Legacy - Tuners,User Manual,EN,T21-user-manual.pdf,T21 User Manual,primare.net,https://primare.net/wp-content/uploads/2017/06/T21-user-manual.pdf,Missing
PRIMARE,T22 (legacy),Legacy - Tuners,User Manual,EN,T22-user-manual.pdf,T22 User Manual,primare.net,https://primare.net/wp-content/uploads/2017/06/T22-user-manual.pdf,Missing
PRIMARE,T23 (legacy),Legacy - Tuners,User Manual,EN,T23-user-manual.pdf,T23 User Manual,primare.net,https://primare.net/wp-content/uploads/2017/06/T23-user-manual.pdf,Missing
PRIMARE,T23 (legacy),Legacy - Tuners,White Paper,EN,T23-Tech-paper.pdf,T23 Tech Paper,primare.net,https://primare.net/wp-content/uploads/2017/06/T23-Tech-paper.pdf,Missing
PRIMARE,T30 (legacy),Legacy - Tuners,User Manual,EN,T30-user-manual.pdf,T30 User Manual,primare.net,https://primare.net/wp-content/uploads/2017/06/T30-user-manual.pdf,Missing
PRIMARE,PRE30 (legacy),Legacy - Preamplifiers,User Manual,EN,PRE30-user-manual.pdf,PRE30 User Manual,primare.net,https://primare.net/wp-content/uploads/2017/06/PRE30-user-manual.pdf,Missing
PRIMARE,PRE30 (legacy),Legacy - Preamplifiers,White Paper,EN,PRE30-Tech-paper.pdf,PRE30 Tech Paper,primare.net,https://primare.net/wp-content/uploads/2017/06/PRE30-Tech-paper.pdf,Missing
PRIMARE,PRE32 (legacy),Legacy - Preamplifiers,User Guide,EN,PRE32UserGuide1.pdf,PRE32 User Guide (English),primare.net,https://primare.net/wp-content/uploads/2017/03/PRE32UserGuide1.pdf,Missing
PRIMARE,PRE32 (legacy),Legacy - Preamplifiers,User Guide,ES,Pre32UserGuide_Spanish_Low.pdf,PRE32 User Guide (Spanish),primare.net,https://primare.net/wp-content/uploads/2017/03/Pre32UserGuide_Spanish_Low.pdf,Missing
PRIMARE,PRE32 (legacy),Legacy - Preamplifiers,User Guide,RU,Pre32UserGuide_Russian_Low.pdf,PRE32 User Guide (Russian),primare.net,https://primare.net/wp-content/uploads/2017/03/Pre32UserGuide_Russian_Low.pdf,Missing
PRIMARE,PRE32 (legacy),Legacy - Preamplifiers,User Guide,DE,Pre32UserGuide_German_low.pdf,PRE32 User Guide (German),primare.net,https://primare.net/wp-content/uploads/2017/03/Pre32UserGuide_German_low.pdf,Missing
PRIMARE,PRE32 (legacy),Legacy - Preamplifiers,User Guide,FR,Pre32UserGuide_French_low.pdf,PRE32 User Guide (French),primare.net,https://primare.net/wp-content/uploads/2017/03/Pre32UserGuide_French_low.pdf,Missing
PRIMARE,PRE32 (legacy),Legacy - Preamplifiers,User Guide,ZH,PRE32UserGuide_Chinese.pdf,PRE32 User Guide (Chinese),primare.net,https://primare.net/wp-content/uploads/2017/03/PRE32UserGuide_Chinese.pdf,Missing
PRIMARE,PRE32 (legacy),Legacy - Preamplifiers,Design Brief,EN,PrimarePRE32DesignBrief.pdf,PRE32 Design Brief,primare.net,https://primare.net/wp-content/uploads/2017/03/PrimarePRE32DesignBrief.pdf,Missing
PRIMARE,PRE32 (legacy),Legacy - Preamplifiers,Brochure,EN,PRE32_A34.2_productflyer.pdf,PRE32 + A34.2 Product Flyer,primare.net,https://primare.net/wp-content/uploads/2017/03/PRE32_A34.2_productflyer.pdf,Missing
PRIMARE,PRE32 (legacy),Legacy - Preamplifiers,Technical Specification,EN,PRE32-RS232-2014-11-07.pdf,PRE32 RS-232 Command list 2014-11-07,primare.net,https://primare.net/wp-content/uploads/2017/03/PRE32-RS232-2014-11-07.pdf,Missing
PRIMARE,PRE32 (legacy),Legacy - Preamplifiers,Instructions,EN,HowtochangethecoloroftheOLEDdisplayonthePRE32.pdf,How to change the colour of the OLED display on PRE32,primare.net,https://primare.net/wp-content/uploads/2017/03/HowtochangethecoloroftheOLEDdisplayonthePRE32.pdf,Missing
PRIMARE,PRE32 (legacy),Legacy - Preamplifiers,Driver,EN,USB-Audio-driver-v4.11.0.zip,USB Audio driver v4.11.0,primare.net,https://primare.net/wp-content/uploads/2017/03/USB-Audio-driver-v4.11.0.zip,Missing
PRIMARE,PRE60 (legacy),Legacy - Preamplifiers,User Guide,EN,PRE60UserGuide_1.pdf,PRE60 User Guide,primare.net,https://primare.net/wp-content/uploads/2017/06/PRE60UserGuide_1.pdf,Missing
PRIMARE,PRE60 (legacy),Legacy - Preamplifiers,User Guide,DE,German-PRE60UserGuide.pdf,PRE60 User Guide (German),primare.net,https://primare.net/wp-content/uploads/2017/06/German-PRE60UserGuide.pdf,Missing
PRIMARE,PRE60 (legacy),Legacy - Preamplifiers,User Guide,FR,French-PRE60UserGuide.pdf,PRE60 User Guide (French),primare.net,https://primare.net/wp-content/uploads/2017/06/French-PRE60UserGuide.pdf,Missing
PRIMARE,PRE60 (legacy),Legacy - Preamplifiers,User Guide,ES,Spanish-PRE60UserGuide.pdf,PRE60 User Guide (Spanish),primare.net,https://primare.net/wp-content/uploads/2017/06/Spanish-PRE60UserGuide.pdf,Missing
PRIMARE,PRE60 (legacy),Legacy - Preamplifiers,User Guide,RU,Russian-PRE60UserGuide.pdf,PRE60 User Guide (Russian),primare.net,https://primare.net/wp-content/uploads/2017/06/Russian-PRE60UserGuide.pdf,Missing
PRIMARE,PRE60 (legacy),Legacy - Preamplifiers,User Guide,ZH,ChineseSimplified-PRE60UserGuide.pdf,PRE60 User Guide (Chinese Simplified),primare.net,https://primare.net/wp-content/uploads/2017/06/ChineseSimplified-PRE60UserGuide.pdf,Missing
PRIMARE,PRE60 (legacy),Legacy - Preamplifiers,Design Brief,EN,PrimarePRE60DesignBrief.pdf,PRE60 Design Brief,primare.net,https://primare.net/wp-content/uploads/2017/06/PrimarePRE60DesignBrief.pdf,Missing
PRIMARE,PRE60 (legacy),Legacy - Preamplifiers,Brochure,EN,Primare_60series_flyer_English.pdf,60 Series Flyer (English),primare.net,https://primare.net/wp-content/uploads/2017/06/Primare_60series_flyer_English.pdf,Missing
PRIMARE,PRE60 (legacy),Legacy - Preamplifiers,Guide,EN,PrimareAppiOS-1.pdf,Primare App User Guide iOS,primare.net,https://primare.net/wp-content/uploads/2018/10/PrimareAppiOS-1.pdf,Missing
PRIMARE,PRE60 (legacy),Legacy - Preamplifiers,Guide,EN,PrimareAppAndroid.pdf,Primare App User Guide Android,primare.net,https://primare.net/wp-content/uploads/2018/10/PrimareAppAndroid.pdf,Missing
PRIMARE,A10 (legacy),Legacy - Integrated & Stereo Amplifiers,User Manual,EN,A10-user-manual.pdf,A10 User Manual,primare.net,https://primare.net/wp-content/uploads/2017/06/A10-user-manual.pdf,Missing
PRIMARE,A20 (legacy),Legacy - Integrated & Stereo Amplifiers,User Manual,EN,A20-user-manual.pdf,A20 User Manual,primare.net,https://primare.net/wp-content/uploads/2017/06/A20-user-manual.pdf,Missing
PRIMARE,A30.1 (legacy),Legacy - Integrated & Stereo Amplifiers,User Manual,EN,A30.1-user-manual.pdf,A30.1 User Manual,primare.net,https://primare.net/wp-content/uploads/2017/06/A30.1-user-manual.pdf,Missing
PRIMARE,A30.2 (legacy),Legacy - Integrated & Stereo Amplifiers,User Manual,EN,A30.2-user-manual.pdf,A30.2 User Manual,primare.net,https://primare.net/wp-content/uploads/2017/06/A30.2-user-manual.pdf,Missing
PRIMARE,A30.2 (legacy),Legacy - Integrated & Stereo Amplifiers,White Paper,EN,A30.2-Tech-paper.pdf,A30.2 Tech Paper,primare.net,https://primare.net/wp-content/uploads/2017/06/A30.2-Tech-paper.pdf,Missing
PRIMARE,A31.2 (legacy),Legacy - Integrated & Stereo Amplifiers,User Manual,EN,A31.2-user-manual.pdf,A31.2 User Manual,primare.net,https://primare.net/wp-content/uploads/2017/06/A31.2-user-manual.pdf,Missing
PRIMARE,A32 (legacy),Legacy - Integrated & Stereo Amplifiers,User Guide,EN,A32UserGuide.pdf,A32 User Guide,primare.net,https://primare.net/wp-content/uploads/2017/06/A32UserGuide.pdf,Missing
PRIMARE,A32 (legacy),Legacy - Integrated & Stereo Amplifiers,Design Brief,EN,A32DesignBrief.pdf,A32 Design Brief,primare.net,https://primare.net/wp-content/uploads/2017/06/A32DesignBrief.pdf,Missing
PRIMARE,A32 (legacy),Legacy - Integrated & Stereo Amplifiers,Specifications,EN,PrimareA32specs.pdf,A32 Specs,primare.net,https://primare.net/wp-content/uploads/2017/06/PrimareA32specs.pdf,Missing
PRIMARE,A34.2 (legacy),Legacy - Integrated & Stereo Amplifiers,User Guide,EN,A34.2UserGuide_1.pdf,A34.2 User Guide,primare.net,https://primare.net/wp-content/uploads/2017/03/A34.2UserGuide_1.pdf,Missing
PRIMARE,A34.2 (legacy),Legacy - Integrated & Stereo Amplifiers,User Guide,DE,A34.2UserGuide_German_Low_1.pdf,A34.2 User Guide (German),primare.net,https://primare.net/wp-content/uploads/2017/03/A34.2UserGuide_German_Low_1.pdf,Missing
PRIMARE,A34.2 (legacy),Legacy - Integrated & Stereo Amplifiers,User Guide,RU,A34.2UserGuide_Russian_Low.pdf,A34.2 User Guide (Russian),primare.net,https://primare.net/wp-content/uploads/2017/03/A34.2UserGuide_Russian_Low.pdf,Missing
PRIMARE,A34.2 (legacy),Legacy - Integrated & Stereo Amplifiers,User Guide,ZH,A34.2UserGuide_Chinese.pdf,A34.2 User Guide (Chinese),primare.net,https://primare.net/wp-content/uploads/2017/03/A34.2UserGuide_Chinese.pdf,Missing
PRIMARE,A34.2 (legacy),Legacy - Integrated & Stereo Amplifiers,Design Brief,EN,A34.2DesignBrief.pdf,A34.2 Design Brief,primare.net,https://primare.net/wp-content/uploads/2017/03/A34.2DesignBrief.pdf,Missing
PRIMARE,A60 (legacy),Legacy - Integrated & Stereo Amplifiers,User Guide,EN,A60UserGuideAW-Englishv2.pdf,A60 User Guide (English v2),primare.net,https://primare.net/wp-content/uploads/2017/04/A60UserGuideAW-Englishv2.pdf,Missing
PRIMARE,A60 (legacy),Legacy - Integrated & Stereo Amplifiers,User Guide,DE,German-A60UserGuide.pdf,A60 User Guide (German),primare.net,https://primare.net/wp-content/uploads/2017/04/German-A60UserGuide.pdf,Missing
PRIMARE,A60 (legacy),Legacy - Integrated & Stereo Amplifiers,User Guide,FR,French-A60UserGuide.pdf,A60 User Guide (French),primare.net,https://primare.net/wp-content/uploads/2017/04/French-A60UserGuide.pdf,Missing
PRIMARE,A60 (legacy),Legacy - Integrated & Stereo Amplifiers,User Guide,ES,Spanish-A60UserGuide.pdf,A60 User Guide (Spanish),primare.net,https://primare.net/wp-content/uploads/2017/04/Spanish-A60UserGuide.pdf,Missing
PRIMARE,A60 (legacy),Legacy - Integrated & Stereo Amplifiers,User Guide,ZH,ChineseSimplified-A60UserGuide.pdf,A60 User Guide (Chinese Simplified),primare.net,https://primare.net/wp-content/uploads/2017/04/ChineseSimplified-A60UserGuide.pdf,Missing
PRIMARE,A60 (legacy),Legacy - Integrated & Stereo Amplifiers,Design Brief,EN,PrimareA60DesignBrief.pdf,A60 Design Brief,primare.net,https://primare.net/wp-content/uploads/2017/06/PrimareA60DesignBrief.pdf,Missing
PRIMARE,A60 (legacy),Legacy - Integrated & Stereo Amplifiers,Driver,EN,Primare-USB-Audio-driver-v4.38.0-1.zip,Primare USB Audio driver v4.38.0,primare.net,https://primare.net/wp-content/uploads/2020/12/Primare-USB-Audio-driver-v4.38.0-1.zip,Missing
PRIMARE,I20 (legacy),Legacy - Integrated & Stereo Amplifiers,User Manual,EN,I20-user-manual.pdf,I20 User Manual,primare.net,https://primare.net/wp-content/uploads/2017/06/I20-user-manual.pdf,Missing
PRIMARE,I21 (legacy),Legacy - Integrated & Stereo Amplifiers,User Manual,EN,I21-user-manual.pdf,I21 User Manual,primare.net,https://primare.net/wp-content/uploads/2017/06/I21-user-manual.pdf,Missing
PRIMARE,I21 (legacy),Legacy - Integrated & Stereo Amplifiers,White Paper,EN,I21-Tech-paper.pdf,I21 Tech Paper,primare.net,https://primare.net/wp-content/uploads/2017/06/I21-Tech-paper.pdf,Missing
PRIMARE,I22 (legacy),Legacy - Integrated & Stereo Amplifiers,User Guide,EN,I22UserGuide.pdf,I22 User Guide,primare.net,https://primare.net/wp-content/uploads/2017/03/I22UserGuide.pdf,Missing
PRIMARE,I22 (legacy),Legacy - Integrated & Stereo Amplifiers,User Guide,ES,I22UserGuide-Spanish.pdf,I22 User Guide (Spanish),primare.net,https://primare.net/wp-content/uploads/2017/03/I22UserGuide-Spanish.pdf,Missing
PRIMARE,I22 (legacy),Legacy - Integrated & Stereo Amplifiers,User Guide,DE,I22UserGuide-German.pdf,I22 User Guide (German),primare.net,https://primare.net/wp-content/uploads/2017/03/I22UserGuide-German.pdf,Missing
PRIMARE,I22 (legacy),Legacy - Integrated & Stereo Amplifiers,User Guide,NL,I22UserGuide-Dutch.pdf,I22 User Guide (Dutch),primare.net,https://primare.net/wp-content/uploads/2017/03/I22UserGuide-Dutch.pdf,Missing
PRIMARE,I22 (legacy),Legacy - Integrated & Stereo Amplifiers,User Guide,RU,I22UserGuide-Russian.pdf,I22 User Guide (Russian),primare.net,https://primare.net/wp-content/uploads/2017/03/I22UserGuide-Russian.pdf,Missing
PRIMARE,I22 (legacy),Legacy - Integrated & Stereo Amplifiers,User Guide,ZH,I22UserGuide-Chinese.pdf,I22 User Guide (Chinese),primare.net,https://primare.net/wp-content/uploads/2017/03/I22UserGuide-Chinese.pdf,Missing
PRIMARE,I22 (legacy),Legacy - Integrated & Stereo Amplifiers,Technical Specification,EN,I22_RS232_2011-05-24_Release.pdf,I22 RS-232 Commands list 2011-05-24,primare.net,https://primare.net/wp-content/uploads/2017/03/I22_RS232_2011-05-24_Release.pdf,Missing
PRIMARE,I30 (legacy),Legacy - Integrated & Stereo Amplifiers,User Manual,EN,I30-user-manual.pdf,I30 User Manual,primare.net,https://primare.net/wp-content/uploads/2017/06/I30-user-manual.pdf,Missing
PRIMARE,I30 (legacy),Legacy - Integrated & Stereo Amplifiers,White Paper,EN,I30-Tech-paper.pdf,I30 Tech Paper,primare.net,https://primare.net/wp-content/uploads/2017/06/I30-Tech-paper.pdf,Missing
PRIMARE,I32 (legacy),Legacy - Integrated & Stereo Amplifiers,User Guide,EN,I32-User-Guide.pdf,I32 User Guide,primare.net,https://primare.net/wp-content/uploads/2017/06/I32-User-Guide.pdf,Missing
PRIMARE,I32 (legacy),Legacy - Integrated & Stereo Amplifiers,User Guide,EN,I32-MM30-User-Guide.pdf,I32 + MM30 User Guide,primare.net,https://primare.net/wp-content/uploads/2017/06/I32-MM30-User-Guide.pdf,Missing
PRIMARE,I32 (legacy),Legacy - Integrated & Stereo Amplifiers,Technical Specification,EN,I32-RS232-2014-11-07.pdf,I32 RS-232 Command list 2014-11-07,primare.net,https://primare.net/wp-content/uploads/2017/06/I32-RS232-2014-11-07.pdf,Missing
PRIMARE,BD32 (legacy),Legacy - Video & Universal Disc Players,User Guide,EN,BD32-User-Guide_3.pdf,BD32 User Guide,primare.net,https://primare.net/wp-content/uploads/2017/06/BD32-User-Guide_3.pdf,Missing
PRIMARE,BD32 (legacy),Legacy - Video & Universal Disc Players,Design Brief,EN,BD32-Design-Brief_1.pdf,BD32 Design Brief,primare.net,https://primare.net/wp-content/uploads/2017/06/BD32-Design-Brief_1.pdf,Missing
PRIMARE,BD32 (legacy),Legacy - Video & Universal Disc Players,Brochure,EN,BD32_productflyer_1.pdf,BD32 Product Flyer,primare.net,https://primare.net/wp-content/uploads/2017/06/BD32_productflyer_1.pdf,Missing
PRIMARE,BD32 MKII (legacy),Legacy - Video & Universal Disc Players,User Guide,EN,BD32-MkII-User-Guide.pdf,BD32 MkII User Guide,primare.net,https://primare.net/wp-content/uploads/2017/06/BD32-MkII-User-Guide.pdf,Missing
PRIMARE,BD32 MKII (legacy),Legacy - Video & Universal Disc Players,Design Brief,EN,BD32-MKII-Design-Brief.pdf,BD32 MKII Design Brief,primare.net,https://primare.net/wp-content/uploads/2017/06/BD32-MKII-Design-Brief.pdf,Missing
PRIMARE,DVD26 DVI (legacy),Legacy - Video & Universal Disc Players,User Guide,EN,DVD26-DVI-User-Guide.pdf,DVD26 DVI User Guide,primare.net,https://primare.net/wp-content/uploads/2017/06/DVD26-DVI-User-Guide.pdf,Missing
PRIMARE,DVD26 HDMI (legacy),Legacy - Video & Universal Disc Players,User Guide,EN,DVD26-HDMI-User-Guide.pdf,DVD26 HDMI User Guide,primare.net,https://primare.net/wp-content/uploads/2017/06/DVD26-HDMI-User-Guide.pdf,Missing
PRIMARE,DVD26 HDMI (legacy),Legacy - Video & Universal Disc Players,White Paper,EN,DVD26-Tech-paper.pdf,DVD26 Tech Paper,primare.net,https://primare.net/wp-content/uploads/2017/06/DVD26-Tech-paper.pdf,Missing
PRIMARE,DVD30 (legacy),Legacy - Video & Universal Disc Players,User Guide,EN,DVD30-User-Guide.pdf,DVD30 User Guide,primare.net,https://primare.net/wp-content/uploads/2017/06/DVD30-User-Guide.pdf,Missing
PRIMARE,V10 (legacy),Legacy - Video & Universal Disc Players,User Guide,EN,V10-User-Guide.pdf,V10 User Guide,primare.net,https://primare.net/wp-content/uploads/2017/06/V10-User-Guide.pdf,Missing
PRIMARE,V20 (legacy),Legacy - Video & Universal Disc Players,User Guide,EN,V20-User-Guide.pdf,V20 User Guide,primare.net,https://primare.net/wp-content/uploads/2017/06/V20-User-Guide.pdf,Missing
PRIMARE,V25 (legacy),Legacy - Video & Universal Disc Players,User Guide,EN,V25-User-Guide.pdf,V25 User Guide,primare.net,https://primare.net/wp-content/uploads/2017/06/V25-User-Guide.pdf,Missing
PRIMARE,DelayBox (legacy),Legacy - Home Theatre Processors,User Manual,EN,DelayBox-user-manual.pdf,DelayBox User Manual,primare.net,https://primare.net/wp-content/uploads/2017/06/DelayBox-user-manual.pdf,Missing
PRIMARE,DelayBox (legacy),Legacy - Home Theatre Processors,White Paper,EN,DelayBox-Tech-paper.pdf,DelayBox Tech Paper,primare.net,https://primare.net/wp-content/uploads/2017/06/DelayBox-Tech-paper.pdf,Missing
PRIMARE,P30 (legacy),Legacy - Home Theatre Processors,User Guide,EN,P30-User-Guide.pdf,P30 User Guide,primare.net,https://primare.net/wp-content/uploads/2017/06/P30-User-Guide.pdf,Missing
PRIMARE,SP31 (legacy),Legacy - Home Theatre Processors,User Guide,EN,SP31-User-Guide.pdf,SP31 User Guide,primare.net,https://primare.net/wp-content/uploads/2017/06/SP31-User-Guide.pdf,Missing
PRIMARE,SP31.7 (legacy),Legacy - Home Theatre Processors,User Guide,EN,SP31.7-User-Guide.pdf,SP31.7 User Guide,primare.net,https://primare.net/wp-content/uploads/2017/06/SP31.7-User-Guide.pdf,Missing
PRIMARE,SP32 (legacy),Legacy - Home Theatre Processors,User Manual,EN,SP32-user-manual_1.pdf,SP32 User Manual,primare.net,https://primare.net/wp-content/uploads/2017/06/SP32-user-manual_1.pdf,Missing
PRIMARE,SP33 (legacy),Legacy - Home Theatre Processors,User Guide,EN,SP33UserGuide_English.pdf,SP33 User Guide (English),primare.net,https://primare.net/wp-content/uploads/2017/06/SP33UserGuide_English.pdf,Missing
PRIMARE,SP33 (legacy),Legacy - Home Theatre Processors,User Guide,EN,SP334KVMUserGuide2201716.pdf,SP33 4KVM User Guide,primare.net,https://primare.net/wp-content/uploads/2017/06/SP334KVMUserGuide2201716.pdf,Missing
PRIMARE,SP33 (legacy),Legacy - Home Theatre Processors,User Guide,ES,SP33UserGuide_Spanish.pdf,SP33 User Guide (Spanish),primare.net,https://primare.net/wp-content/uploads/2017/06/SP33UserGuide_Spanish.pdf,Missing
PRIMARE,SP33 (legacy),Legacy - Home Theatre Processors,User Guide,RU,SP33UserGuide_Russian_high.pdf,SP33 User Guide (Russian),primare.net,https://primare.net/wp-content/uploads/2017/06/SP33UserGuide_Russian_high.pdf,Missing
PRIMARE,SP33 (legacy),Legacy - Home Theatre Processors,User Guide,DE,SP33UserGuide_German_high.pdf,SP33 User Guide (German),primare.net,https://primare.net/wp-content/uploads/2017/06/SP33UserGuide_German_high.pdf,Missing
PRIMARE,SP33 (legacy),Legacy - Home Theatre Processors,User Guide,ZH,SP33UserGuide_ChineseSimplifiedhigh.pdf,SP33 User Guide (Chinese Simplified),primare.net,https://primare.net/wp-content/uploads/2017/06/SP33UserGuide_ChineseSimplifiedhigh.pdf,Missing
PRIMARE,SP33 (legacy),Legacy - Home Theatre Processors,Specifications,EN,SPA33preliminarySpecsheet.pdf,SP33 Preliminary Specifications,primare.net,https://primare.net/wp-content/uploads/2017/06/SPA33preliminarySpecsheet.pdf,Missing
PRIMARE,SP33 (legacy),Legacy - Home Theatre Processors,Design Brief,EN,PrimareSP33DesignBrief.pdf,SP33 Design Brief,primare.net,https://primare.net/wp-content/uploads/2017/06/PrimareSP33DesignBrief.pdf,Missing
PRIMARE,SP33 (legacy),Legacy - Home Theatre Processors,Instructions,EN,Samplesettingsfor4KUHDsourceswhenusing4KVM_1.pdf,Sample settings for 4K UHD sources when using 4KVM,primare.net,https://primare.net/wp-content/uploads/2017/06/Samplesettingsfor4KUHDsourceswhenusing4KVM_1.pdf,Missing
PRIMARE,SP33 (legacy),Legacy - Home Theatre Processors,Control Driver,EN,SP33.zip,SP33 and SPA23 Control4 Driver,primare.net,https://primare.net/wp-content/uploads/2017/06/SP33.zip,Missing
PRIMARE,A30.3 (legacy),Legacy - Home Theatre Amplifiers,User Manual,EN,A30.3-user-manual.pdf,A30.3 User Manual,primare.net,https://primare.net/wp-content/uploads/2017/06/A30.3-user-manual.pdf,Missing
PRIMARE,A30.3 (legacy),Legacy - Home Theatre Amplifiers,White Paper,EN,A30.3A30.5-Techpaper.pdf,A30.3~A30.5 Tech Paper,primare.net,https://primare.net/wp-content/uploads/2017/06/A30.3A30.5-Techpaper.pdf,Missing
PRIMARE,A30.5 (legacy),Legacy - Home Theatre Amplifiers,User Manual,EN,A30.5-user-manual.pdf,A30.5 User Manual,primare.net,https://primare.net/wp-content/uploads/2017/06/A30.5-user-manual.pdf,Missing
PRIMARE,A30.5 (legacy),Legacy - Home Theatre Amplifiers,White Paper,EN,A30.5A30.3Techpaper_1.pdf,A30.5~A30.3 Tech Paper,primare.net,https://primare.net/wp-content/uploads/2017/06/A30.5A30.3Techpaper_1.pdf,Missing
PRIMARE,A30.7 (legacy),Legacy - Home Theatre Amplifiers,User Guide,EN,A30.7_UserGuide_English.pdf,A30.7 User Guide (English),primare.net,https://primare.net/wp-content/uploads/2017/03/A30.7_UserGuide_English.pdf,Missing
PRIMARE,A30.7 (legacy),Legacy - Home Theatre Amplifiers,User Guide,FR,A30.7UserGuide_French.pdf,A30.7 User Guide (French),primare.net,https://primare.net/wp-content/uploads/2017/03/A30.7UserGuide_French.pdf,Missing
PRIMARE,A30.7 (legacy),Legacy - Home Theatre Amplifiers,User Guide,DE,A30.7UserGuide_German_1.pdf,A30.7 User Guide (German),primare.net,https://primare.net/wp-content/uploads/2017/03/A30.7UserGuide_German_1.pdf,Missing
PRIMARE,A30.7 (legacy),Legacy - Home Theatre Amplifiers,User Guide,ES,A30.7UserGuide_Spanish_1.pdf,A30.7 User Guide (Spanish),primare.net,https://primare.net/wp-content/uploads/2017/03/A30.7UserGuide_Spanish_1.pdf,Missing
PRIMARE,A30.7 (legacy),Legacy - Home Theatre Amplifiers,User Guide,NL,A30.7UserGuide_Dutch.pdf,A30.7 User Guide (Dutch),primare.net,https://primare.net/wp-content/uploads/2017/03/A30.7UserGuide_Dutch.pdf,Missing
PRIMARE,A30.7 (legacy),Legacy - Home Theatre Amplifiers,User Guide,RU,A30.7UserGuide_Russian.pdf,A30.7 User Guide (Russian),primare.net,https://primare.net/wp-content/uploads/2017/03/A30.7UserGuide_Russian.pdf,Missing
PRIMARE,A30.7 (legacy),Legacy - Home Theatre Amplifiers,User Guide,ZH,A30.7UserGuide_Chinese.pdf,A30.7 User Guide (Chinese),primare.net,https://primare.net/wp-content/uploads/2017/03/A30.7UserGuide_Chinese.pdf,Missing
PRIMARE,A30.7 (legacy),Legacy - Home Theatre Amplifiers,Design Brief,EN,A307DesignBrief2010.pdf,A30.7 Design Brief 2010,primare.net,https://primare.net/wp-content/uploads/2017/03/A307DesignBrief2010.pdf,Missing
PRIMARE,A30.7 (legacy),Legacy - Home Theatre Amplifiers,Specifications,EN,A30.7specs.pdf,A30.7 Specifications,primare.net,https://primare.net/wp-content/uploads/2017/03/A30.7specs.pdf,Missing
PRIMARE,A30.7 (legacy),Legacy - Home Theatre Amplifiers,Brochure,EN,A30.7ProductFlyer.pdf,A30.7 Product Flyer,primare.net,https://primare.net/wp-content/uploads/2017/03/A30.7ProductFlyer.pdf,Missing
PRIMARE,A30.7 (legacy),Legacy - Home Theatre Amplifiers,Instructions,EN,connect_subwoofer_to_A30.7_1.pdf,A30.7 Connecting to subwoofer,primare.net,https://primare.net/wp-content/uploads/2017/03/connect_subwoofer_to_A30.7_1.pdf,Missing
PRIMARE,A33.2 (legacy),Legacy - Home Theatre Amplifiers,User Guide,EN,A33-2-Amplifier-user-guide.pdf,A33.2 Amplifier User Guide,primare.net,https://primare.net/wp-content/uploads/2018/08/A33-2-Amplifier-user-guide.pdf,Missing
PRIMARE,A33.2 (legacy),Legacy - Home Theatre Amplifiers,White Paper,EN,A33.2-Tech-paper.pdf,A33.2 Tech Paper,primare.net,https://primare.net/wp-content/uploads/2017/06/A33.2-Tech-paper.pdf,Missing
PRIMARE,SPA20 (legacy),Legacy - Home Theatre Amplifiers,User Guide,EN,SPA20-User-Guide.pdf,SPA20 User Guide,primare.net,https://primare.net/wp-content/uploads/2017/06/SPA20-User-Guide.pdf,Missing
PRIMARE,SPA21 (legacy),Legacy - Home Theatre Amplifiers,User Guide,EN,SPA21-User-Guide.pdf,SPA21 User Guide,primare.net,https://primare.net/wp-content/uploads/2017/06/SPA21-User-Guide.pdf,Missing
PRIMARE,SPA22 (legacy),Legacy - Home Theatre Amplifiers,User Manual,EN,SPA22-user-manual.pdf,SPA22 User Manual,primare.net,https://primare.net/wp-content/uploads/2017/06/SPA22-user-manual.pdf,Missing
PRIMARE,SPA22 (legacy),Legacy - Home Theatre Amplifiers,White Paper,EN,SPA22-Tech-paper.pdf,SPA22 Tech Paper,primare.net,https://primare.net/wp-content/uploads/2017/06/SPA22-Tech-paper.pdf,Missing
PRIMARE,SPA23 (legacy),Legacy - Home Theatre Amplifiers,User Guide,EN,SPA23UserGuide_English.pdf,SPA23 User Guide (English),primare.net,https://primare.net/wp-content/uploads/2017/06/SPA23UserGuide_English.pdf,Missing
PRIMARE,SPA23 (legacy),Legacy - Home Theatre Amplifiers,User Guide,EN,SPA234KVMUserGuide220716.pdf,SPA23 4KVM User Guide,primare.net,https://primare.net/wp-content/uploads/2017/06/SPA234KVMUserGuide220716.pdf,Missing
PRIMARE,SPA23 (legacy),Legacy - Home Theatre Amplifiers,User Guide,ES,SPA23UserGuide_Spanish_high.pdf,SPA23 User Guide (Spanish),primare.net,https://primare.net/wp-content/uploads/2017/06/SPA23UserGuide_Spanish_high.pdf,Missing
PRIMARE,SPA23 (legacy),Legacy - Home Theatre Amplifiers,User Guide,RU,SPA23UserGuide_Russian.pdf,SPA23 User Guide (Russian),primare.net,https://primare.net/wp-content/uploads/2017/06/SPA23UserGuide_Russian.pdf,Missing
PRIMARE,SPA23 (legacy),Legacy - Home Theatre Amplifiers,User Guide,DE,SPA23UserGuide_German_high.pdf,SPA23 User Guide (German),primare.net,https://primare.net/wp-content/uploads/2017/06/SPA23UserGuide_German_high.pdf,Missing
PRIMARE,SPA23 (legacy),Legacy - Home Theatre Amplifiers,User Guide,ZH,SPA23UserGuide_ChineseSimplifiedhigh.pdf,SPA23 User Guide (Chinese Simplified),primare.net,https://primare.net/wp-content/uploads/2017/06/SPA23UserGuide_ChineseSimplifiedhigh.pdf,Missing
PRIMARE,SPA23 (legacy),Legacy - Home Theatre Amplifiers,Specifications,EN,SPA23preliminaryspecsheet.pdf,SPA23 Preliminary Spec Sheet,primare.net,https://primare.net/wp-content/uploads/2017/06/SPA23preliminaryspecsheet.pdf,Missing
PRIMARE,SPA23 (legacy),Legacy - Home Theatre Amplifiers,Design Brief,EN,SPA23-DesignBrief.pdf,SPA23 Design Brief,primare.net,https://primare.net/wp-content/uploads/2017/06/SPA23-DesignBrief.pdf,Missing
PRIMARE,SPA23 (legacy),Legacy - Home Theatre Amplifiers,Instructions,EN,SPA23-Samplesettingsfor4KUHDsourceswhenusing4KVM.pdf,SPA23 Sample settings for 4K UHD sources when using 4KVM,primare.net,https://primare.net/wp-content/uploads/2017/06/SPA23-Samplesettingsfor4KUHDsourceswhenusing4KVM.pdf,Missing
PRIMARE,C22 (legacy),Legacy - Remote Controls,User Manual,EN,C22-Remote-user-manual.pdf,C22 Remote User Manual,primare.net,https://primare.net/wp-content/uploads/2017/06/C22-Remote-user-manual.pdf,Missing
PRIMARE,C30 (legacy),Legacy - Remote Controls,User Guide,EN,C30-Remote-user-guide.pdf,C30 Remote User Guide,primare.net,https://primare.net/wp-content/uploads/2017/06/C30-Remote-user-guide.pdf,Missing
PRIMARE,C31 (legacy),Legacy - Remote Controls,User Guide,EN,C31-Remote-user-guide.pdf,C31 Remote User Guide,primare.net,https://primare.net/wp-content/uploads/2017/06/C31-Remote-user-guide.pdf,Missing
PRIMARE,C32 (legacy),Legacy - Remote Controls,User Manual,EN,C32-Remote-user-manual.pdf,C32 Remote User Manual,primare.net,https://primare.net/wp-content/uploads/2017/06/C32-Remote-user-manual.pdf,Missing
QLN,Qln One v7,Speakers,User Manual,EN,qln-user-manual-one-v7-webb.pdf,Qln One v7 User Manual,qln.se,https://qln.se/wp-content/uploads/2026/04/qln-user-manual-one-v7-webb.pdf,Missing
QLN,Reference 9,Speakers,User Manual,EN,user-manual-r9-webb.pdf,Reference 9 User Manual,qln.se,https://qln.se/wp-content/uploads/2025/03/user-manual-r9-webb.pdf,Missing
QLN,Signature (Signature 5.3),Speakers,User Manual,EN,qln-user-manual-s5-webb.pdf,Signature User Manual,qln.se,https://qln.se/wp-content/uploads/2022/11/qln-user-manual-s5-webb.pdf,Missing
QLN,Prestige One,Speakers,User Manual,EN,qln-user-manual-p1n-webb.pdf,Prestige One User Manual,qln.se,https://qln.se/wp-content/uploads/2021/07/qln-user-manual-p1n-webb.pdf,Missing
QLN,Prestige Three Gen 2,Speakers,User Manual,EN,user-manual-p3g2-webb.pdf,Prestige Three Gen 2 User Manual,qln.se,https://qln.se/wp-content/uploads/2025/12/user-manual-p3g2-webb.pdf,Missing
QLN,Prestige Five Gen 2,Speakers,User Manual,EN,user-manual-p5g2-webb.pdf,Prestige Five Gen 2 User Manual,qln.se,https://qln.se/wp-content/uploads/2026/01/user-manual-p5g2-webb.pdf,Missing
QLN,Prestige Three (Gen 1) (legacy),Speakers,User Manual,EN,user-manual-p3-webb.pdf,Prestige Three User Manual,qln.se,https://qln.se/wp-content/uploads/2019/03/user-manual-p3-webb.pdf,Missing
QLN,Prestige Five (Gen 1) (legacy),Speakers,User Manual,EN,user-manual-p5-webb.pdf,Prestige Five User Manual,qln.se,https://qln.se/wp-content/uploads/2020/04/user-manual-p5-webb.pdf,Missing
QUALITON,300B,Integrated Amplifiers,User Manual,EN,300B-FH-2024.pdf,300B User's Manual,qualiton.eu,https://qualiton.eu/downloads/manuals/300b/300B-FH-2024.pdf,Missing
QUALITON,A35,Integrated Amplifiers,User Manual,EN,A35-FH-2023.pdf,A35 User's Manual,qualiton.eu,https://qualiton.eu/downloads/manuals/a35/A35-FH-2023.pdf,Missing
QUALITON,A75,Integrated Amplifiers,User Manual,EN,A75-FH-2022.pdf,A75 User's Manual,qualiton.eu,https://qualiton.eu/downloads/manuals/a75/A75-FH-2022.pdf,Missing
QUALITON,X200 (Automatic Bias),Integrated Amplifiers,User Manual,EN,X200-AB-FH-2022.pdf,X200 (Automatic Bias) User's Manual,qualiton.eu,https://qualiton.eu/downloads/manuals/x200/X200-AB-FH-2022.pdf,Missing
QUALITON,X200 (Manual Bias) (legacy),Integrated Amplifiers,User Manual,EN,X200-FH-2021-WEB.pdf,X200 (Manual Bias) User's Manual,qualiton.eu,https://qualiton.eu/downloads/manuals/x200/X200-FH-2021-WEB.pdf,Missing
QUALITON,A20i (legacy),Integrated Amplifiers,User Manual,EN,A20i-FH-2020.pdf,A20i User's Manual,qualiton.eu,https://qualiton.eu/downloads/manuals/a20i/A20i-FH-2020.pdf,Missing
QUALITON,A50i (legacy),Integrated Amplifiers,User Manual,EN,A50i-FH-2020.pdf,A50i User's Manual,qualiton.eu,https://qualiton.eu/downloads/manuals/a50i/A50i-FH-2020.pdf,Missing
QUALITON,P200,Power Amplifiers,User Manual,EN,P200-FH-2021-WEB.pdf,P200 User's Manual,qualiton.eu,https://qualiton.eu/downloads/manuals/p200/P200-FH-2021-WEB.pdf,Missing
QUALITON,APX200 (legacy),Power Amplifiers,User Manual,EN,APX200-FH-2020.pdf,APX200 User's Manual,qualiton.eu,https://qualiton.eu/downloads/manuals/apx200/APX200-FH-2020.pdf,Missing
QUALITON,C200,Preamplifiers,User Manual,EN,C200-FH-2022.pdf,C200 User's Manual,qualiton.eu,https://qualiton.eu/downloads/manuals/c200/C200-FH-2022.pdf,Missing
QUALITON,APR204 (legacy),Preamplifiers,User Manual,EN,APR204-FH-2020.pdf,APR204 User's Manual,qualiton.eu,https://qualiton.eu/downloads/manuals/apr204/APR204-FH-2020.pdf,Missing
QUALITON,Phono MK 2,Phono Stages,User Manual,EN,PHONO-FH-2023.pdf,Phono MK 2 User's Manual,qualiton.eu,https://qualiton.eu/downloads/manuals/phono-mk-2/PHONO-FH-2023.pdf,Missing
QUALITON,Phono MK 1 (legacy),Phono Stages,User Manual,EN,PHONO felhasználói kézikönyv 2 angol.pdf,Phono MK 1 User's Manual (English),qualiton.eu,https://qualiton.eu/downloads/manuals/phono-mk-1/PHONO%20felhaszn%C3%A1l%C3%B3i%20k%C3%A9zik%C3%B6nyv%202%20angol.pdf,Missing
QUALITON,MC,Step-Up Transformers,User Manual,EN,Qualiton mc felhasználói kézikönyv ANGOL.pdf,MC Step-Up Transformer User's Manual (English),qualiton.eu,https://qualiton.eu/downloads/manuals/mc/Qualiton%20mc%20felhaszn%C3%A1l%C3%B3i%20k%C3%A9zik%C3%B6nyv%20ANGOL.pdf,Missing
SOULNOTE,A-3,Integrated Amplifiers,User Manual,EN,a3e_usermanual.pdf,A-3 User Manual (230V),soulnote.co.jp (with official International site www.soulnote.link and brand entry domain soulnote.link),https://www.soulnote.link/fileadmin/Products/A-3/a3e_usermanual.pdf,Missing
SOULNOTE,A-3,Integrated Amplifiers,User Manual,JP,a3_usermanual.pdf,A-3 取扱説明書,soulnote.co.jp (with official International site www.soulnote.link and brand entry domain soulnote.link),https://www.soulnote.co.jp/image/SOULNOTE/a3_usermanual.pdf,Missing
SOULNOTE,A-3 CORE,Integrated Amplifiers,User Manual,EN,a3coree_usermanual.pdf,A-3 core User Manual (230V),soulnote.co.jp (with official International site www.soulnote.link and brand entry domain soulnote.link),https://www.soulnote.link/fileadmin/Products/A-3CORE/a3coree_usermanual.pdf,Missing
SOULNOTE,A-3 CORE,Integrated Amplifiers,User Manual,JP,a3core_usermanual.pdf,A-3core 取扱説明書,soulnote.co.jp (with official International site www.soulnote.link and brand entry domain soulnote.link),https://www.soulnote.co.jp/image/SOULNOTE/a3core_usermanual.pdf,Missing
SOULNOTE,A-2 ver.2,Integrated Amplifiers,User Manual,EN,a2e_ver2_usermanual.pdf,A-2 ver.2 User Manual (230V),soulnote.co.jp (with official International site www.soulnote.link and brand entry domain soulnote.link),https://www.soulnote.link/fileadmin/Products/A-2ver.2/a2e_ver2_usermanual.pdf,Missing
SOULNOTE,A-2 ver.2,Integrated Amplifiers,User Manual,JP,a2_ver2_usermanual.pdf,A-2 ver.2 取扱説明書,soulnote.co.jp (with official International site www.soulnote.link and brand entry domain soulnote.link),https://www.soulnote.co.jp/image/SOULNOTE/a2_ver2_usermanual.pdf,Missing
SOULNOTE,A-1 ver.2,Integrated Amplifiers,User Manual,EN,a1e_ver2_usermanual.pdf,A-1 ver.2 User Manual (230V),soulnote.co.jp (with official International site www.soulnote.link and brand entry domain soulnote.link),https://www.soulnote.link/fileadmin/Products/A-1ver.2/a1e_ver2_usermanual.pdf,Missing
SOULNOTE,A-1 ver.2,Integrated Amplifiers,User Manual,JP,a1_ver2_usermanual.pdf,A-1 ver.2 取扱説明書,soulnote.co.jp (with official International site www.soulnote.link and brand entry domain soulnote.link),https://www.soulnote.co.jp/image/SOULNOTE/a1_ver2_usermanual.pdf,Missing
SOULNOTE,A-0 ver.2,Integrated Amplifiers,User Manual,EN,a0e_ver2_usermanual.pdf,A-0 ver.2 User Manual (230V),soulnote.co.jp (with official International site www.soulnote.link and brand entry domain soulnote.link),https://www.soulnote.link/fileadmin/Products/A-0ver.2/a0e_ver2_usermanual.pdf,Missing
SOULNOTE,A-0 ver.2,Integrated Amplifiers,User Manual,JP,a0_ver2_usermanual.pdf,A-0 ver.2 取扱説明書,soulnote.co.jp (with official International site www.soulnote.link and brand entry domain soulnote.link),https://www.soulnote.co.jp/image/SOULNOTE/a0_ver2_usermanual.pdf,Missing
SOULNOTE,A-2 (legacy),Integrated Amplifiers,User Manual,EN,a2e_usermanual.pdf,A-2 User Manual (230V),soulnote.co.jp (with official International site www.soulnote.link and brand entry domain soulnote.link),https://www.soulnote.link/fileadmin/user_upload/A-2/a2e_usermanual.pdf,Missing
SOULNOTE,A-2 (legacy),Integrated Amplifiers,User Manual,JP,a2_usermanual.pdf,A-2 取扱説明書,soulnote.co.jp (with official International site www.soulnote.link and brand entry domain soulnote.link),https://www.soulnote.co.jp/image/SOULNOTE/a2_usermanual.pdf,Missing
SOULNOTE,A-1 (legacy),Integrated Amplifiers,User Manual,EN,a1e_usermanual.pdf,A-1 User Manual (230V),soulnote.co.jp (with official International site www.soulnote.link and brand entry domain soulnote.link),https://www.soulnote.link/fileadmin/user_upload/A-1/a1e_usermanual.pdf,Missing
SOULNOTE,A-1 (legacy),Integrated Amplifiers,User Manual,JP,a1_usermanual.pdf,A-1 取扱説明書,soulnote.co.jp (with official International site www.soulnote.link and brand entry domain soulnote.link),https://www.soulnote.co.jp/image/SOULNOTE/a1_usermanual.pdf,Missing
SOULNOTE,A-0 (legacy),Integrated Amplifiers,User Manual,JP,a0_usermanual.pdf,A-0 取扱説明書,soulnote.co.jp (with official International site www.soulnote.link and brand entry domain soulnote.link),https://www.soulnote.co.jp/image/SOULNOTE/a0_usermanual.pdf,Missing
SOULNOTE,C-1 (legacy),Integrated Amplifiers,User Manual,JP,c1_usermanual.pdf,C-1 取扱説明書,soulnote.co.jp (with official International site www.soulnote.link and brand entry domain soulnote.link),https://www.soulnote.co.jp/image/SOULNOTE/c1_usermanual.pdf,Missing
SOULNOTE,M-3X,Power Amplifiers,User Manual,EN,m3xe_usermanual.pdf,M-3X User Manual (230V),soulnote.co.jp (with official International site www.soulnote.link and brand entry domain soulnote.link),https://www.soulnote.link/fileadmin/Products/M-3X/m3xe_usermanual.pdf,Missing
SOULNOTE,M-3X,Power Amplifiers,User Manual,JP,m3x_usermanual.pdf,M-3X 取扱説明書,soulnote.co.jp (with official International site www.soulnote.link and brand entry domain soulnote.link),https://www.soulnote.co.jp/image/SOULNOTE/m3x_usermanual.pdf,Missing
SOULNOTE,M-3,Power Amplifiers,User Manual,EN,m3e_usermanual.pdf,M-3 User Manual (230V),soulnote.co.jp (with official International site www.soulnote.link and brand entry domain soulnote.link),https://www.soulnote.link/fileadmin/Products/M-3X/M-3/m3e_usermanual.pdf,Missing
SOULNOTE,M-3,Power Amplifiers,User Manual,JP,m3_usermanual.pdf,M-3 取扱説明書,soulnote.co.jp (with official International site www.soulnote.link and brand entry domain soulnote.link),https://www.soulnote.co.jp/image/SOULNOTE/m3_usermanual.pdf,Missing
SOULNOTE,P-3,Preamplifiers,User Manual,EN,p3e_usermanual.pdf,P-3 User Manual (230V),soulnote.co.jp (with official International site www.soulnote.link and brand entry domain soulnote.link),https://www.soulnote.link/fileadmin/Products/P-3/p3e_usermanual.pdf,Missing
SOULNOTE,P-3,Preamplifiers,User Manual,JP,p3_usermanual.pdf,P-3 取扱説明書,soulnote.co.jp (with official International site www.soulnote.link and brand entry domain soulnote.link),https://www.soulnote.co.jp/image/SOULNOTE/p3_usermanual.pdf,Missing
SOULNOTE,E-3,Phono Equalizers,User Manual,EN,e3e_usermanual.pdf,E-3 User Manual (230V),soulnote.co.jp (with official International site www.soulnote.link and brand entry domain soulnote.link),https://www.soulnote.link/fileadmin/Products/E-3/e3e_usermanual.pdf,Missing
SOULNOTE,E-3,Phono Equalizers,User Manual,JP,e3_usermanual.pdf,E-3 取扱説明書,soulnote.co.jp (with official International site www.soulnote.link and brand entry domain soulnote.link),https://www.soulnote.co.jp/image/SOULNOTE/e3_usermanual.pdf,Missing
SOULNOTE,E-2 ver.2,Phono Equalizers,User Manual,EN,e2e_ver2_usermanual.pdf,E-2 ver.2 User Manual (230V),soulnote.co.jp (with official International site www.soulnote.link and brand entry domain soulnote.link),https://www.soulnote.link/fileadmin/Products/E-2ver.2/e2e_ver2_usermanual.pdf,Missing
SOULNOTE,E-2 ver.2,Phono Equalizers,User Manual,JP,e2_ver2_usermanual.pdf,E-2 ver.2 取扱説明書,soulnote.co.jp (with official International site www.soulnote.link and brand entry domain soulnote.link),https://www.soulnote.co.jp/image/SOULNOTE/e2_ver2_usermanual.pdf,Missing
SOULNOTE,E-1 ver.2,Phono Equalizers,User Manual,EN,e1e_ver2_usermanual.pdf,E-1 ver.2 User Manual (230V),soulnote.co.jp (with official International site www.soulnote.link and brand entry domain soulnote.link),https://www.soulnote.link/fileadmin/Products/E-1ver.2/e1e_ver2_usermanual.pdf,Missing
SOULNOTE,E-1 ver.2,Phono Equalizers,User Manual,JP,e1_ver2_usermanual.pdf,E-1 ver.2 取扱説明書,soulnote.co.jp (with official International site www.soulnote.link and brand entry domain soulnote.link),https://www.soulnote.co.jp/image/SOULNOTE/e1_ver2_usermanual.pdf,Missing
SOULNOTE,E-2 (legacy),Phono Equalizers,User Manual,EN,e2e_usermanual.pdf,E-2 User Manual (230V),soulnote.co.jp (with official International site www.soulnote.link and brand entry domain soulnote.link),https://www.soulnote.link/fileadmin/user_upload/E-2/e2e_usermanual.pdf,Missing
SOULNOTE,E-2 (legacy),Phono Equalizers,User Manual,JP,e2_usermanual.pdf,E-2 取扱説明書,soulnote.co.jp (with official International site www.soulnote.link and brand entry domain soulnote.link),https://www.soulnote.co.jp/image/SOULNOTE/e2_usermanual.pdf,Missing
SOULNOTE,E-1 (legacy),Phono Equalizers,User Manual,EN,e1e_usermanual.pdf,E-1 User Manual (230V),soulnote.co.jp (with official International site www.soulnote.link and brand entry domain soulnote.link),https://www.soulnote.link/fileadmin/user_upload/E-1/e1e_usermanual.pdf,Missing
SOULNOTE,E-1 (legacy),Phono Equalizers,User Manual,JP,e1_usermanual.pdf,E-1 取扱説明書,soulnote.co.jp (with official International site www.soulnote.link and brand entry domain soulnote.link),https://www.soulnote.co.jp/image/SOULNOTE/e1_usermanual.pdf,Missing
SOULNOTE,S-3 Reference (legacy),SACD/CD Players,User Manual,EN,s3e_ref_usermanual.pdf,S-3 Reference User Manual (230V),soulnote.co.jp (with official International site www.soulnote.link and brand entry domain soulnote.link),https://www.soulnote.link/fileadmin/Products/S-3_Reference/s3e_ref_usermanual.pdf,Missing
SOULNOTE,S-3 Reference (legacy),SACD/CD Players,User Manual,JP,s3_usermanual.pdf,S-3 取扱説明書,soulnote.co.jp (with official International site www.soulnote.link and brand entry domain soulnote.link),https://www.soulnote.co.jp/image/SOULNOTE/s3_usermanual.pdf,Missing
SOULNOTE,D-3,D/A Converters,User Manual,EN,d-3e2_usermanual.pdf,D-3 User Manual (230V),soulnote.co.jp (with official International site www.soulnote.link and brand entry domain soulnote.link),https://www.soulnote.link/fileadmin/Products/D-3_for_230V/d-3e2_usermanual.pdf,Missing
SOULNOTE,D-3,D/A Converters,User Manual,JP,d-3_usermanual.pdf,D-3 取扱説明書,soulnote.co.jp (with official International site www.soulnote.link and brand entry domain soulnote.link),https://www.soulnote.co.jp/image/SOULNOTE/d-3_usermanual.pdf,Missing
SOULNOTE,D-2 ver.2,D/A Converters,User Manual,EN,d2e_ver2_usermanual.pdf,D-2 ver.2 User Manual (230V),soulnote.co.jp (with official International site www.soulnote.link and brand entry domain soulnote.link),https://www.soulnote.link/fileadmin/Products/D-2ver.2/d2e_ver2_usermanual.pdf,Missing
SOULNOTE,D-2 ver.2,D/A Converters,User Manual,JP,d2_ver2_usermanual.pdf,D-2 ver.2 取扱説明書,soulnote.co.jp (with official International site www.soulnote.link and brand entry domain soulnote.link),https://www.soulnote.co.jp/image/SOULNOTE/d2_ver2_usermanual.pdf,Missing
SOULNOTE,D-1 ver.2,D/A Converters,User Manual,EN,d1e_ver2_usermanual.pdf,D-1 ver.2 User Manual (230V),soulnote.co.jp (with official International site www.soulnote.link and brand entry domain soulnote.link),https://www.soulnote.link/fileadmin/Products/D-1ver.2/d1e_ver2_usermanual.pdf,Missing
SOULNOTE,D-1 ver.2,D/A Converters,User Manual,JP,d1_ver2_usermanual.pdf,D-1 ver.2 取扱説明書,soulnote.co.jp (with official International site www.soulnote.link and brand entry domain soulnote.link),https://www.soulnote.co.jp/image/SOULNOTE/d1_ver2_usermanual.pdf,Missing
SOULNOTE,D-1N (legacy),D/A Converters,User Manual,EN,d1ne_usermanual.pdf,D-1N User Manual (230V),soulnote.co.jp (with official International site www.soulnote.link and brand entry domain soulnote.link),https://www.soulnote.link/fileadmin/Products/D-1N/d1ne_usermanual.pdf,Missing
SOULNOTE,D-1N (legacy),D/A Converters,User Manual,JP,d1n_usermanual.pdf,D-1N 取扱説明書,soulnote.co.jp (with official International site www.soulnote.link and brand entry domain soulnote.link),https://www.soulnote.co.jp/image/SOULNOTE/d1n_usermanual.pdf,Missing
SOULNOTE,D-2 (legacy),D/A Converters,User Manual,EN,d2e_usermanual.pdf,D-2 User Manual (230V),soulnote.co.jp (with official International site www.soulnote.link and brand entry domain soulnote.link),https://www.soulnote.link/fileadmin/user_upload/D-2/d2e_usermanual.pdf,Missing
SOULNOTE,D-2 (legacy),D/A Converters,User Manual,JP,d2_usermanual.pdf,D-2 取扱説明書,soulnote.co.jp (with official International site www.soulnote.link and brand entry domain soulnote.link),https://www.soulnote.co.jp/image/SOULNOTE/d2_usermanual.pdf,Missing
SOULNOTE,D-1 (legacy),D/A Converters,User Manual,JP,d1_usermanual.pdf,D-1 取扱説明書,soulnote.co.jp (with official International site www.soulnote.link and brand entry domain soulnote.link),https://www.soulnote.co.jp/image/SOULNOTE/d1_usermanual.pdf,Missing
SOULNOTE,Z-3,Network / ZERO LINK Transports,User Manual,EN,z-3e_usermanual.pdf,Z-3 User Manual (230V),soulnote.co.jp (with official International site www.soulnote.link and brand entry domain soulnote.link),https://www.soulnote.link/fileadmin/Products/Z-3/z-3e_usermanual.pdf,Missing
SOULNOTE,Z-3,Network / ZERO LINK Transports,User Manual,JP,z-3_usermanual.pdf,Z-3 取扱説明書,soulnote.co.jp (with official International site www.soulnote.link and brand entry domain soulnote.link),https://www.soulnote.co.jp/image/SOULNOTE/z-3_usermanual.pdf,Missing
SOULNOTE,B-3,Network / ZERO LINK Transports,User Manual,JP,b3_usermanual.pdf,B-3 取扱説明書,soulnote.co.jp (with official International site www.soulnote.link and brand entry domain soulnote.link),https://www.soulnote.co.jp/image/SOULNOTE/b3_usermanual.pdf,Missing
SOULNOTE,B-3,Network / ZERO LINK Transports,Firmware,JP,ItfUsbDsd-HidWriter v0109.zip,ItfUsbDsd-HidWriter v0109 (B-3 1st/2nd lot),soulnote.co.jp (with official International site www.soulnote.link and brand entry domain soulnote.link),https://www.soulnote.co.jp/usb_driver/ItfUsbDsd-HidWriter%20v0109.zip,Missing
SOULNOTE,B-3,Network / ZERO LINK Transports,Firmware,JP,SOULNOTE B-3 Updater.zip,SOULNOTE B-3 Updater (1st lot),soulnote.co.jp (with official International site www.soulnote.link and brand entry domain soulnote.link),https://www.soulnote.co.jp/usb_driver/SOULNOTE%20B-3%20Updater.zip,Missing
SOULNOTE,X-3,Clock Generators,User Manual,EN,x-3e_usermanual.pdf,X-3 User Manual (230V),soulnote.co.jp (with official International site www.soulnote.link and brand entry domain soulnote.link),https://www.soulnote.link/fileadmin/Products/X-3/x-3e_usermanual.pdf,Missing
SOULNOTE,X-3,Clock Generators,User Manual,JP,x-3_usermanual.pdf,X-3 取扱説明書,soulnote.co.jp (with official International site www.soulnote.link and brand entry domain soulnote.link),https://www.soulnote.co.jp/image/SOULNOTE/x-3_usermanual.pdf,Missing
SOULNOTE,M-3X,Catalogues / Brochures,Catalogue,JP,soulnote_catalog_m3x.pdf,M-3X カタログ,soulnote.co.jp (with official International site www.soulnote.link and brand entry domain soulnote.link),https://www.soulnote.co.jp/image/SOULNOTE/soulnote_catalog_m3x.pdf,Missing
SOULNOTE,"3 Series (A-3, P-3, A-3core, M-3, E-3, D-3, Z-3, X-3, B-3)",Catalogues / Brochures,Catalogue,JP,soulnote_catalog4.pdf,3シリーズ総合カタログ,soulnote.co.jp (with official International site www.soulnote.link and brand entry domain soulnote.link),https://www.soulnote.co.jp/image/SOULNOTE/soulnote_catalog4.pdf,Missing
SOULNOTE,2 Series ver.2 (A-2/D-2/E-2 ver.2),Catalogues / Brochures,Catalogue,JP,soulnote_catalog-2ver2.pdf,2シリーズ ver.2 総合カタログ,soulnote.co.jp (with official International site www.soulnote.link and brand entry domain soulnote.link),https://www.soulnote.co.jp/image/SOULNOTE/soulnote_catalog-2ver2.pdf,Missing
SOULNOTE,"1 Series ver.2 (A-1/E-1/D-1 ver.2, A-0 ver.2)",Catalogues / Brochures,Catalogue,JP,soulnote_catalog-1ver2.pdf,1シリーズ ver.2 総合カタログ,soulnote.co.jp (with official International site www.soulnote.link and brand entry domain soulnote.link),https://www.soulnote.co.jp/image/SOULNOTE/soulnote_catalog-1ver2.pdf,Missing
SOULNOTE,"2 Series (A-2/D-2/E-2, discontinued) (legacy)",Catalogues / Brochures,Catalogue,JP,soulnote_catalog-2.pdf,2シリーズ総合カタログ,soulnote.co.jp (with official International site www.soulnote.link and brand entry domain soulnote.link),https://www.soulnote.co.jp/image/SOULNOTE/soulnote_catalog-2.pdf,Missing
SOULNOTE,"1 Series (A-0/A-1/E-1/D-1, discontinued) (legacy)",Catalogues / Brochures,Catalogue,JP,soulnote_catalog-1.pdf,1シリーズ総合カタログ,soulnote.co.jp (with official International site www.soulnote.link and brand entry domain soulnote.link),https://www.soulnote.co.jp/image/SOULNOTE/soulnote_catalog-1.pdf,Missing
SOULNOTE,"Classic Series (da3.0, sa1.0B, sa4.0B, ct1.0, sd2.0B) (legacy)",Catalogues / Brochures,Catalogue,JP,soulnote_catalog.pdf,総合カタログ,soulnote.co.jp (with official International site www.soulnote.link and brand entry domain soulnote.link),https://www.soulnote.co.jp/image/SOULNOTE/soulnote_catalog.pdf,Missing
SOULNOTE,RAR Series (Audio Rack),Accessories,User Manual,JP,rar_usermanual.pdf,RARシリーズ 取扱説明書,soulnote.co.jp (with official International site www.soulnote.link and brand entry domain soulnote.link),https://www.soulnote.co.jp/image/SOULNOTE/rar_usermanual.pdf,Missing
SOULNOTE,Accessories (RBC/SBC-1/RCC-1/RSC/RAR/RSB-1),Accessories,Catalogue,JP,sn_accessories_catalog.pdf,アクセサリーカタログ,soulnote.co.jp (with official International site www.soulnote.link and brand entry domain soulnote.link),https://www.soulnote.co.jp/image/SOULNOTE/sn_accessories_catalog.pdf,Missing
SOULNOTE,USB Audio Driver (D-1/D-1N/D-2/S-3/D-3/Z-3/B-3),"Software, Drivers & Firmware",Driver,EN,soulnote_usb_audio_driver_win.zip,Windows USB Audio Driver Ver 1.0.22.77,soulnote.co.jp (with official International site www.soulnote.link and brand entry domain soulnote.link),https://www.soulnote.link/fileadmin/Downloads/soulnote_usb_audio_driver_win.zip,Missing
SOULNOTE,USB Audio Driver (D-1/D-1N/D-2/S-3/D-3/Z-3/B-3),"Software, Drivers & Firmware",Driver,JP,soulnote_usb_audio_driver_win.zip,Windows用ドライバー Ver1.0.22.77,soulnote.co.jp (with official International site www.soulnote.link and brand entry domain soulnote.link),https://www.soulnote.co.jp/usb_driver/soulnote_usb_audio_driver_win.zip,Missing
SOULNOTE,USB Audio Driver (D-1/D-1N/D-2/S-3/D-3/Z-3/B-3),"Software, Drivers & Firmware",License,EN,D-1ver2_D-1N_D-2_D-2ver2_S-3_d-3_z-3_Softwear_Licence_Agreement_en_260710.pdf,Software Licence Agreement,soulnote.co.jp (with official International site www.soulnote.link and brand entry domain soulnote.link),https://www.soulnote.link/fileadmin/Downloads/D-1ver2_D-1N_D-2_D-2ver2_S-3_d-3_z-3_Softwear_Licence_Agreement_en_260710.pdf,Missing
SOULNOTE,USB Audio Driver (D-1/D-1N/D-2/S-3/D-3/Z-3/B-3),"Software, Drivers & Firmware",License,JP,soulnote_software_license_agreement.pdf,ソフトウェア使用許諾契約書,soulnote.co.jp (with official International site www.soulnote.link and brand entry domain soulnote.link),https://www.soulnote.co.jp/usb_driver/soulnote_software_license_agreement.pdf,Missing
SOULNOTE,USB Audio Driver (D-1/D-1N/D-2/S-3/D-3/Z-3/B-3),"Software, Drivers & Firmware",Setup Manual,JP,driver_software_setting_manual2.pdf,設定方法／アンインストール方法,soulnote.co.jp (with official International site www.soulnote.link and brand entry domain soulnote.link),https://www.soulnote.co.jp/usb_driver/driver_software_setting_manual2.pdf,Missing
SOULNOTE,Z-3 Diretta Driver,"Software, Drivers & Firmware",Driver,EN,soulnote_diretta_asio_driver_win.zip,Windows Diretta ASIO Driver Ver 1.99,soulnote.co.jp (with official International site www.soulnote.link and brand entry domain soulnote.link),https://www.soulnote.link/fileadmin/Downloads/soulnote_diretta_asio_driver_win.zip,Missing
SOULNOTE,Z-3 Diretta Driver,"Software, Drivers & Firmware",Driver,JP,soulnote_diretta_asio_driver_win.zip,Windows用ドライバー Ver1.99,soulnote.co.jp (with official International site www.soulnote.link and brand entry domain soulnote.link),https://www.soulnote.co.jp/usb_driver/soulnote_diretta_asio_driver_win.zip,Missing
SOULNOTE,Z-3 Diretta Driver,"Software, Drivers & Firmware",License,EN,z-3_Softwear_Licence_Agreement_en_260710__002_.pdf,Z-3 Software Licence Agreement,soulnote.co.jp (with official International site www.soulnote.link and brand entry domain soulnote.link),https://www.soulnote.link/fileadmin/Downloads/z-3_Softwear_Licence_Agreement_en_260710__002_.pdf,Missing
SOULNOTE,Z-3 Diretta Driver,"Software, Drivers & Firmware",License,JP,soulnote_software_license_agreement_z-3.pdf,ソフトウェア使用許諾契約書 (Z-3 Diretta),soulnote.co.jp (with official International site www.soulnote.link and brand entry domain soulnote.link),https://www.soulnote.co.jp/usb_driver/soulnote_software_license_agreement_z-3.pdf,Missing
SOULNOTE,SOULNOTE Audio Player,"Software, Drivers & Firmware",Application,EN,SOULNOTE_Audio_Player_Win__v1.5.2.0.zip,SOULNOTE Audio Player for Windows v1.5.2.0,soulnote.co.jp (with official International site www.soulnote.link and brand entry domain soulnote.link),https://www.soulnote.link/fileadmin/Downloads/SOULNOTE_Audio_Player_Win__v1.5.2.0.zip,Missing
SOULNOTE,SOULNOTE Audio Player,"Software, Drivers & Firmware",Application,EN,SOULNOTE_Audio_Player_Mac__v1.5.4.0.zip,SOULNOTE Audio Player for Mac v1.5.4.0,soulnote.co.jp (with official International site www.soulnote.link and brand entry domain soulnote.link),https://www.soulnote.link/fileadmin/Downloads/SOULNOTE_Audio_Player_Mac__v1.5.4.0.zip,Missing
SOULNOTE,SOULNOTE Audio Player,"Software, Drivers & Firmware",Application,JP,SOULNOTE Audio Player(Win) v1.5.2.0.zip,SOULNOTE Audio Player Windows用 v1.5.2.0,soulnote.co.jp (with official International site www.soulnote.link and brand entry domain soulnote.link),https://www.soulnote.co.jp/usb_driver/SOULNOTE%20Audio%20Player(Win)%20v1.5.2.0.zip,Missing
SOULNOTE,SOULNOTE Audio Player,"Software, Drivers & Firmware",Application,JP,SOULNOTE Audio Player(Mac) v1.5.4.0.zip,SOULNOTE Audio Player Mac用 v1.5.4.0,soulnote.co.jp (with official International site www.soulnote.link and brand entry domain soulnote.link),https://www.soulnote.co.jp/usb_driver/SOULNOTE%20Audio%20Player(Mac)%20v1.5.4.0.zip,Missing
SOULNOTE,SOULNOTE Audio Player,"Software, Drivers & Firmware",Manual,EN,soulnote_audioplayer_manual_en.pdf,SOULNOTE Audio Player Manual,soulnote.co.jp (with official International site www.soulnote.link and brand entry domain soulnote.link),https://www.soulnote.link/fileadmin/Downloads/soulnote_audioplayer_manual_en.pdf,Missing
SOULNOTE,SOULNOTE Audio Player,"Software, Drivers & Firmware",Manual,JP,soulnote_audioplayer_manual.pdf,SOULNOTE Audio Player 使用方法,soulnote.co.jp (with official International site www.soulnote.link and brand entry domain soulnote.link),https://www.soulnote.co.jp/usb_driver/soulnote_audioplayer_manual.pdf,Missing
SOULNOTE,SOULNOTE Audio Player,"Software, Drivers & Firmware",License,EN,soulnote_software_license_agreement_en.pdf,SOULNOTE Audio Player Software License Agreement,soulnote.co.jp (with official International site www.soulnote.link and brand entry domain soulnote.link),https://www.soulnote.link/fileadmin/Downloads/soulnote_software_license_agreement_en.pdf,Missing
SOULNOTE,SOULNOTE Audio Player,"Software, Drivers & Firmware",License,JP,soulnote_audioplayer_agreement.pdf,SOULNOTE Audio Player ソフトウェア使用許諾契約書,soulnote.co.jp (with official International site www.soulnote.link and brand entry domain soulnote.link),https://www.soulnote.co.jp/usb_driver/soulnote_audioplayer_agreement.pdf,Missing
SOULNOTE,S-3 Firmware (legacy),"Software, Drivers & Firmware",Setup Manual,JP,s3_firmware_setting_manual.pdf,S-3 ファームウェア 設定方法,soulnote.co.jp (with official International site www.soulnote.link and brand entry domain soulnote.link),https://www.soulnote.co.jp/usb_driver/s3_firmware_setting_manual.pdf,Missing
SOULNOTE,S-3 Firmware (legacy),"Software, Drivers & Firmware",Firmware,JP,SOULNOTE S-3 Updater.zip,SOULNOTE S-3 Updater (main_v0068),soulnote.co.jp (with official International site www.soulnote.link and brand entry domain soulnote.link),https://www.soulnote.co.jp/usb_driver/SOULNOTE%20S-3%20Updater.zip,Missing
TEAC,Hi-Fi Components (general catalogue),Catalogues & Brochures,Catalogue,EN,eBrochure-Teac-Hi-Fi-Compo-Mid-2023-2.pdf,Component Catalogue (Mid) 2023,eu.teac-audio.com,https://eu.teac-audio.com/medias/eBrochure-Teac-Hi-Fi-Compo-Mid-2023-2.pdf,Missing
TEAC,Hi-Fi Components (general catalogue),Catalogues & Brochures,Catalogue,EN,Teac-Hi-Fi-Comp-web-May-2023.pdf,Component Catalogue May 2023,eu.teac-audio.com,https://eu.teac-audio.com/medias/Teac-Hi-Fi-Comp-web-May-2023.pdf,Missing
TEAC,Hi-Fi Components (general catalogue),Catalogues & Brochures,Catalogue,EN,eBrochure-Hi-Fi-Compo-Mid-2022-EUR-20220726.pdf,Component Catalogue Mid 2022,eu.teac-audio.com,https://eu.teac-audio.com/medias/eBrochure-Hi-Fi-Compo-Mid-2022-EUR-20220726.pdf,Missing
TEAC,Hi-Fi Components (general catalogue),Catalogues & Brochures,Catalogue,EN,eBrochure-Hi-Fi-Compo-Late2021-EUR-20211111.pdf,Component Catalogue Late 2021,eu.teac-audio.com,https://eu.teac-audio.com/medias/eBrochure-Hi-Fi-Compo-Late2021-EUR-20211111.pdf,Missing
TEAC,Hi-Fi Components (general catalogue),Catalogues & Brochures,Catalogue,EN,Hi-Fi-Compo-Late2020-EUR-20201015.pdf,Component Catalogue Late 2020,eu.teac-audio.com,https://eu.teac-audio.com/medias/Hi-Fi-Compo-Late2020-EUR-20201015.pdf,Missing
TEAC,Hi-Fi Components (general catalogue),Catalogues & Brochures,Catalogue,EN,Hi-Fi-Compo-Mid2020-EUR.pdf,Component Catalogue Mid 2020,eu.teac-audio.com,https://eu.teac-audio.com/medias/Hi-Fi-Compo-Mid2020-EUR.pdf,Missing
TEAC,Hi-Fi Components (general catalogue),Catalogues & Brochures,Catalogue,EN,Hi-Fi-Compo-Mid2019-EUR-20190726.pdf,Component Catalogue Mid 2019,eu.teac-audio.com,https://eu.teac-audio.com/medias/Hi-Fi-Compo-Mid2019-EUR-20190726.pdf,Missing
TEAC,Hi-Fi Components (general catalogue),Catalogues & Brochures,Catalogue,EN,eBrochure-TEAC-Hi-Fi-Components-EUR-Early2018.pdf,Hi-Fi Components Catalogue Early 2018,eu.teac-audio.com,https://eu.teac-audio.com/medias/eBrochure-TEAC-Hi-Fi-Components-EUR-Early2018.pdf,Missing
TEAC,AX-505,Integrated Amplifiers,User Manual,EN/FR/ES,AX-505-OM-EFS-vA.pdf,AX-505 Owner's Manual (EN/FR/ES),eu.teac-audio.com,https://eu.teac-audio.com/medias/AX-505-OM-EFS-vA.pdf,Missing
TEAC,AX-505,Integrated Amplifiers,User Manual,DE/IT/NL/SV,ax-505-om-ginlsv-va.pdf,AX-505 Owner's Manual (DE/IT/NL/SV),eu.teac-audio.com,https://eu.teac-audio.com/medias/ax-505-om-ginlsv-va.pdf,Missing
TEAC,AX-505,Integrated Amplifiers,Datasheet,EN,AX-505-SNPI-WW-E-.pdf,AX-505 Datasheet,eu.teac-audio.com,https://eu.teac-audio.com/medias/AX-505-SNPI-WW-E-.pdf,Missing
TEAC,AX-505,Integrated Amplifiers,Declaration of Conformity,EN,CA108-AX-505-EU-DoC-D-20220216-.pdf,AX-505 EU Declaration of Conformity,eu.teac-audio.com,https://eu.teac-audio.com/medias/CA108-AX-505-EU-DoC-D-20220216-.pdf,Missing
TEAC,AI-303,Integrated Amplifiers,Datasheet,EN,AI-303-SNPI-WW-E-.pdf,AI-303 Datasheet,eu.teac-audio.com,https://eu.teac-audio.com/medias/AI-303-SNPI-WW-E-.pdf,Missing
TEAC,AI-303,Integrated Amplifiers,User Manual,EN/FR/ES,ai-303-om-efs-va.pdf,AI-303 Owner's Manual (EN/FR/ES),eu.teac-audio.com,https://eu.teac-audio.com/medias/ai-303-om-efs-va.pdf,Missing
TEAC,AI-303,Integrated Amplifiers,User Manual,DE/IT/NL/SV,ai-303-om-ginlsv-va.pdf,AI-303 Owner's Manual (DE/IT/NL/SV),eu.teac-audio.com,https://eu.teac-audio.com/medias/ai-303-om-ginlsv-va.pdf,Missing
TEAC,AP-701,Power Amplifiers,Datasheet,EN,AP-701-SNPI-WW-E-.pdf,AP-701 Datasheet,eu.teac-audio.com,https://eu.teac-audio.com/medias/AP-701-SNPI-WW-E-.pdf,Missing
TEAC,AP-701,Power Amplifiers,User Manual,EN/FR/ES,ap-701-om-efs-vb.pdf,AP-701 Owner's Manual (EN/FR/ES),eu.teac-audio.com,https://eu.teac-audio.com/medias/ap-701-om-efs-vb.pdf,Missing
TEAC,AP-701,Power Amplifiers,User Manual,DE/IT/NL/SV,ap-701-om-ginlsv-vb.pdf,AP-701 Owner's Manual (DE/IT/NL/SV),eu.teac-audio.com,https://eu.teac-audio.com/medias/ap-701-om-ginlsv-vb.pdf,Missing
TEAC,AP-701,Power Amplifiers,Declaration of Conformity,EN,CA116-AP-701-EU-DoC-B-20220223-.pdf,AP-701 EU Declaration of Conformity,eu.teac-audio.com,https://eu.teac-audio.com/medias/CA116-AP-701-EU-DoC-B-20220223-.pdf,Missing
TEAC,UD-701N (Network DAC / Preamplifier),DACs / Headphone Amplifiers,Datasheet,EN,UD-701N-SNPI-WW-E-.pdf,UD-701N Datasheet,eu.teac-audio.com,https://eu.teac-audio.com/medias/UD-701N-SNPI-WW-E-.pdf,Missing
TEAC,UD-701N (Network DAC / Preamplifier),DACs / Headphone Amplifiers,User Manual,EN/FR/ES,ud-701n-om-efs-vb.pdf,UD-701N Owner's Manual (EN/FR/ES),eu.teac-audio.com,https://eu.teac-audio.com/medias/ud-701n-om-efs-vb.pdf,Missing
TEAC,UD-701N (Network DAC / Preamplifier),DACs / Headphone Amplifiers,User Manual,DE/IT/NL/SV,ud-701n-om-ginlsv-vb.pdf,UD-701N Owner's Manual (DE/IT/NL/SV),eu.teac-audio.com,https://eu.teac-audio.com/medias/ud-701n-om-ginlsv-vb.pdf,Missing
TEAC,UD-701N (Network DAC / Preamplifier),DACs / Headphone Amplifiers,Declaration of Conformity,EN,CA118-UD-701N-EU-DoC-A-20220112-.pdf,UD-701N EU Declaration of Conformity,eu.teac-audio.com,https://eu.teac-audio.com/medias/CA118-UD-701N-EU-DoC-A-20220112-.pdf,Missing
TEAC,UD-507 (USB DAC / Preamp / Headphone Amp),DACs / Headphone Amplifiers,Datasheet,EN,UD-507-SNPI-WW-E-.pdf,UD-507 Datasheet (EN),eu.teac-audio.com,https://eu.teac-audio.com/medias/UD-507-SNPI-WW-E-.pdf,Missing
TEAC,UD-507 (USB DAC / Preamp / Headphone Amp),DACs / Headphone Amplifiers,Datasheet,DE,UD-507-SNPI-WW-DE-.pdf,UD-507 Datenblatt (DE),eu.teac-audio.com,https://eu.teac-audio.com/medias/UD-507-SNPI-WW-DE-.pdf,Missing
TEAC,UD-507 (USB DAC / Preamp / Headphone Amp),DACs / Headphone Amplifiers,User Manual,EN/FR/ES,ud-507-om-efs-vb.pdf,UD-507 Owner's Manual (EN/FR/ES),eu.teac-audio.com,https://eu.teac-audio.com/medias/ud-507-om-efs-vb.pdf,Missing
TEAC,UD-507 (USB DAC / Preamp / Headphone Amp),DACs / Headphone Amplifiers,User Manual,DE/IT/NL/SV,ud-507-om-ginlsv-vb.pdf,UD-507 Owner's Manual (DE/IT/NL/SV),eu.teac-audio.com,https://eu.teac-audio.com/medias/ud-507-om-ginlsv-vb.pdf,Missing
TEAC,UD-505-X (USB DAC / Preamplifier),DACs / Headphone Amplifiers,Datasheet,EN,UD-505-X-SNPI-WW-E-.pdf,UD-505-X Datasheet,eu.teac-audio.com,https://eu.teac-audio.com/medias/UD-505-X-SNPI-WW-E-.pdf,Missing
TEAC,UD-505-X (USB DAC / Preamplifier),DACs / Headphone Amplifiers,User Manual,EN/FR/ES,ud-505-x-om-efs-va.pdf,UD-505-X Owner's Manual (EN/FR/ES),eu.teac-audio.com,https://eu.teac-audio.com/medias/ud-505-x-om-efs-va.pdf,Missing
TEAC,UD-505-X (USB DAC / Preamplifier),DACs / Headphone Amplifiers,User Manual,DE/IT/NL/SV,ud-505-x-om-ginlsv-va.pdf,UD-505-X Owner's Manual (DE/IT/NL/SV),eu.teac-audio.com,https://eu.teac-audio.com/medias/ud-505-x-om-ginlsv-va.pdf,Missing
TEAC,UD-505-X (USB DAC / Preamplifier),DACs / Headphone Amplifiers,Declaration of Conformity,EN,EU-DoC-UD-505-X-signed-20220131.pdf,UD-505-X EU Declaration of Conformity,eu.teac-audio.com,https://eu.teac-audio.com/medias/EU-DoC-UD-505-X-signed-20220131.pdf,Missing
TEAC,PE-505,Phono Stages,Datasheet,EN,PE-505-SNPI-WW-E-.pdf,PE-505 Datasheet,eu.teac-audio.com,https://eu.teac-audio.com/medias/PE-505-SNPI-WW-E-.pdf,Missing
TEAC,PE-505,Phono Stages,User Manual,EN/FR/ES,pe-505-om-efs-va.pdf,PE-505 Owner's Manual (EN/FR/ES),eu.teac-audio.com,https://eu.teac-audio.com/medias/pe-505-om-efs-va.pdf,Missing
TEAC,PE-505,Phono Stages,User Manual,DE/IT/NL/SV,pe-505-om-ginlsv-va.pdf,PE-505 Owner's Manual (DE/IT/NL/SV),eu.teac-audio.com,https://eu.teac-audio.com/medias/pe-505-om-ginlsv-va.pdf,Missing
TEAC,PE-505,Phono Stages,Declaration of Conformity,EN,CA114-PE-505-EU-DoC-B-20220223-.pdf,PE-505 EU Declaration of Conformity,eu.teac-audio.com,https://eu.teac-audio.com/medias/CA114-PE-505-EU-DoC-B-20220223-.pdf,Missing
TEAC,TN-4D-SE,Turntables,User Manual,JP/EN/FR/DE/IT/ES/multi,tn-4d-se-om-jefsginlsv-va.pdf,TN-4D-SE Owner's Manual (multilingual),eu.teac-audio.com,https://eu.teac-audio.com/medias/tn-4d-se-om-jefsginlsv-va.pdf,Missing
TEAC,TN-4D-SE,Turntables,Declaration of Conformity,EN,CA120-TN-4D-SE-EU-DoC-A-20220616-.pdf,TN-4D-SE EU Declaration of Conformity,eu.teac-audio.com,https://eu.teac-audio.com/medias/CA120-TN-4D-SE-EU-DoC-A-20220616-.pdf,Missing
VAN DEN HUL,Phono Cartridges (general),General / Support Documentation,FAQ,EN,Phono_FAQ.pdf,Phono Cartridges: FAQs,vandenhul.com,https://www.vandenhul.com/wp-content/uploads/2019/09/Phono_FAQ.pdf,Missing
VAN DEN HUL,Interconnects and Loudspeaker Cables (general),General / Support Documentation,FAQ,EN,Cable_FAQ.pdf,Interconnects and Loudspeaker Cables: FAQs,vandenhul.com,https://www.vandenhul.com/wp-content/uploads/2019/09/Cable_FAQ.pdf,Missing
VAN DEN HUL,General Hi-Fi,General / Support Documentation,Guide,EN,van_den_Hul_Hi-Fi_Tips_and_Hints.pdf,van den Hul Hi-Fi Tips and Hints,vandenhul.com,https://www.vandenhul.com/wp-content/uploads/2020/05/van_den_Hul_Hi-Fi_Tips_and_Hints.pdf,Missing
VIENNA ACOUSTICS,Mozart Infinity,Speakers,Owner's Manual,EN,Mozart-Infinity_-instruction-manual-2023-10.pdf,Mozart Infinity - instruction manual (2023-10),vienna-acoustics.com,https://www.vienna-acoustics.com/wordpress/wp-content/uploads/2023/10/Mozart-Infinity_-instruction-manual-2023-10.pdf,Missing
